-- phpMyAdmin SQL Dump
-- version 5.2.1
-- https://www.phpmyadmin.net/
--
-- 主機： 127.0.0.1
-- 產生時間： 2025-06-01 13:04:47
-- 伺服器版本： 8.0.42
-- PHP 版本： 8.2.12

SET SQL_MODE = "NO_AUTO_VALUE_ON_ZERO";
START TRANSACTION;
SET time_zone = "+00:00";


/*!40101 SET @OLD_CHARACTER_SET_CLIENT=@@CHARACTER_SET_CLIENT */;
/*!40101 SET @OLD_CHARACTER_SET_RESULTS=@@CHARACTER_SET_RESULTS */;
/*!40101 SET @OLD_COLLATION_CONNECTION=@@COLLATION_CONNECTION */;
/*!40101 SET NAMES utf8mb4 */;

--
-- 資料庫： `medical_appointment_system`
--

-- --------------------------------------------------------

--
-- 資料表結構 `appointments`
--

CREATE TABLE `appointments` (
  `appointment_id` int NOT NULL,
  `patient_id` int NOT NULL,
  `doctor_id` int NOT NULL,
  `schedule_id` int NOT NULL,
  `appointment_time` datetime NOT NULL,
  `status` enum('pending','confirmed','canceled') DEFAULT 'pending'
) ENGINE=InnoDB DEFAULT CHARSET=utf8mb4 COLLATE=utf8mb4_unicode_ci;

--
-- 傾印資料表的資料 `appointments`
--

INSERT INTO `appointments` (`appointment_id`, `patient_id`, `doctor_id`, `schedule_id`, `appointment_time`, `status`) VALUES
(1, 9, 5, 402, '2025-06-24 15:00:00', 'canceled'),
(2, 10, 3, 185, '2025-06-03 16:00:00', 'pending'),
(3, 10, 6, 478, '2025-06-29 17:00:00', 'pending'),
(4, 11, 7, 501, '2025-06-07 11:00:00', 'pending'),
(5, 11, 2, 94, '2025-06-02 13:00:00', 'confirmed'),
(6, 12, 6, 458, '2025-06-19 17:00:00', 'pending'),
(7, 12, 2, 147, '2025-06-19 15:00:00', 'pending'),
(8, 13, 6, 441, '2025-06-11 16:00:00', 'canceled'),
(9, 13, 4, 319, '2025-06-27 09:00:00', 'confirmed'),
(10, 13, 6, 472, '2025-06-26 17:00:00', 'pending'),
(11, 14, 7, 538, '2025-06-20 09:00:00', 'pending'),
(12, 14, 2, 131, '2025-06-14 14:00:00', 'canceled'),
(13, 15, 6, 435, '2025-06-08 16:00:00', 'confirmed'),
(14, 15, 6, 457, '2025-06-19 16:00:00', 'canceled'),
(15, 15, 1, 89, '2025-06-30 10:00:00', 'confirmed'),
(16, 16, 5, 354, '2025-06-08 15:00:00', 'pending'),
(17, 16, 2, 155, '2025-06-22 14:00:00', 'confirmed'),
(18, 17, 1, 3, '2025-06-01 11:00:00', 'confirmed'),
(19, 18, 3, 205, '2025-06-13 16:00:00', 'confirmed'),
(20, 18, 1, 79, '2025-06-27 09:00:00', 'pending'),
(21, 18, 6, 427, '2025-06-04 16:00:00', 'confirmed'),
(22, 19, 5, 414, '2025-06-28 15:00:00', 'confirmed'),
(23, 19, 4, 297, '2025-06-19 11:00:00', 'confirmed'),
(24, 19, 4, 270, '2025-06-10 11:00:00', 'confirmed'),
(25, 20, 2, 118, '2025-06-10 13:00:00', 'confirmed'),
(26, 20, 8, 605, '2025-06-12 14:00:00', 'canceled'),
(27, 20, 3, 233, '2025-06-27 16:00:00', 'confirmed'),
(28, 21, 5, 365, '2025-06-12 14:00:00', 'pending'),
(29, 21, 4, 279, '2025-06-13 11:00:00', 'confirmed'),
(30, 21, 8, 577, '2025-06-03 13:00:00', 'confirmed'),
(31, 22, 6, 441, '2025-06-11 16:00:00', 'pending'),
(32, 22, 3, 193, '2025-06-07 16:00:00', 'confirmed'),
(33, 23, 4, 275, '2025-06-12 10:00:00', 'pending'),
(34, 23, 4, 321, '2025-06-27 11:00:00', 'pending'),
(35, 23, 8, 642, '2025-06-24 15:00:00', 'confirmed'),
(36, 24, 5, 403, '2025-06-25 13:00:00', 'canceled'),
(37, 24, 1, 46, '2025-06-16 09:00:00', 'confirmed'),
(38, 25, 7, 504, '2025-06-08 11:00:00', 'confirmed'),
(39, 26, 4, 259, '2025-06-07 09:00:00', 'pending'),
(40, 26, 6, 423, '2025-06-02 16:00:00', 'confirmed'),
(41, 27, 6, 463, '2025-06-22 16:00:00', 'pending'),
(42, 27, 4, 315, '2025-06-25 11:00:00', 'pending'),
(43, 27, 4, 308, '2025-06-23 10:00:00', 'pending'),
(44, 28, 2, 128, '2025-06-13 14:00:00', 'pending'),
(45, 29, 4, 319, '2025-06-27 09:00:00', 'pending'),
(46, 30, 8, 607, '2025-06-13 13:00:00', 'canceled'),
(47, 30, 6, 471, '2025-06-26 16:00:00', 'pending'),
(48, 31, 1, 7, '2025-06-03 09:00:00', 'confirmed'),
(49, 31, 3, 207, '2025-06-14 16:00:00', 'confirmed'),
(50, 32, 5, 415, '2025-06-29 13:00:00', 'confirmed'),
(51, 32, 1, 52, '2025-06-18 09:00:00', 'pending'),
(52, 33, 5, 383, '2025-06-18 14:00:00', 'pending'),
(53, 34, 5, 334, '2025-06-02 13:00:00', 'pending'),
(54, 34, 2, 95, '2025-06-02 14:00:00', 'confirmed'),
(55, 34, 6, 438, '2025-06-09 17:00:00', 'confirmed'),
(56, 35, 1, 74, '2025-06-25 10:00:00', 'pending'),
(57, 35, 7, 566, '2025-06-29 10:00:00', 'confirmed'),
(58, 35, 3, 228, '2025-06-24 17:00:00', 'pending'),
(59, 36, 2, 152, '2025-06-21 14:00:00', 'confirmed'),
(60, 36, 8, 636, '2025-06-22 15:00:00', 'confirmed'),
(61, 36, 8, 597, '2025-06-09 15:00:00', 'confirmed'),
(62, 37, 7, 546, '2025-06-22 11:00:00', 'canceled'),
(63, 37, 4, 249, '2025-06-03 11:00:00', 'confirmed'),
(64, 37, 3, 187, '2025-06-04 16:00:00', 'pending'),
(65, 38, 1, 17, '2025-06-06 10:00:00', 'confirmed'),
(66, 39, 2, 108, '2025-06-06 15:00:00', 'pending'),
(67, 40, 3, 183, '2025-06-02 16:00:00', 'confirmed'),
(68, 40, 5, 366, '2025-06-12 15:00:00', 'canceled'),
(69, 41, 8, 575, '2025-06-02 14:00:00', 'canceled'),
(70, 41, 1, 5, '2025-06-02 10:00:00', 'confirmed'),
(71, 41, 2, 159, '2025-06-23 15:00:00', 'pending'),
(72, 42, 2, 119, '2025-06-10 14:00:00', 'pending'),
(73, 42, 6, 472, '2025-06-26 17:00:00', 'confirmed'),
(74, 43, 1, 16, '2025-06-06 09:00:00', 'pending'),
(75, 43, 7, 509, '2025-06-10 10:00:00', 'pending'),
(76, 44, 3, 202, '2025-06-11 17:00:00', 'confirmed'),
(77, 45, 4, 283, '2025-06-15 09:00:00', 'confirmed'),
(78, 45, 4, 329, '2025-06-30 10:00:00', 'confirmed'),
(79, 45, 3, 220, '2025-06-20 17:00:00', 'confirmed'),
(80, 46, 6, 470, '2025-06-25 17:00:00', 'confirmed'),
(81, 47, 7, 547, '2025-06-23 09:00:00', 'pending'),
(82, 47, 1, 33, '2025-06-11 11:00:00', 'canceled'),
(83, 47, 2, 98, '2025-06-03 14:00:00', 'pending'),
(84, 48, 3, 183, '2025-06-02 16:00:00', 'confirmed'),
(85, 49, 3, 222, '2025-06-21 17:00:00', 'confirmed'),
(86, 49, 2, 150, '2025-06-20 15:00:00', 'confirmed'),
(87, 50, 5, 359, '2025-06-10 14:00:00', 'pending'),
(88, 25, 2, 100, '2025-06-04 13:00:00', 'pending'),
(89, 30, 1, 6, '2025-06-02 11:00:00', 'pending'),
(90, 35, 1, 90, '2025-06-30 11:00:00', 'pending'),
(91, 40, 1, 6, '2025-06-02 11:00:00', 'pending');

-- --------------------------------------------------------

--
-- 資料表結構 `doctors`
--

CREATE TABLE `doctors` (
  `doctor_id` int NOT NULL,
  `user_id` int NOT NULL,
  `specialty` varchar(50) DEFAULT NULL,
  `bio` text
) ENGINE=InnoDB DEFAULT CHARSET=utf8mb4 COLLATE=utf8mb4_unicode_ci;

--
-- 傾印資料表的資料 `doctors`
--

INSERT INTO `doctors` (`doctor_id`, `user_id`, `specialty`, `bio`) VALUES
(1, 1, '內科', '內科專科醫師'),
(2, 2, '外科', '外科專科醫師'),
(3, 3, '牙科', '牙科專科醫師'),
(4, 4, '內科', '內科專科醫師'),
(5, 5, '外科', '外科專科醫師'),
(6, 6, '牙科', '牙科專科醫師'),
(7, 7, '內科', '內科專科醫師'),
(8, 8, '外科', '外科專科醫師');

-- --------------------------------------------------------

--
-- 資料表結構 `schedules`
--

CREATE TABLE `schedules` (
  `schedule_id` int NOT NULL,
  `doctor_id` int NOT NULL,
  `date` date NOT NULL,
  `start_time` time NOT NULL,
  `end_time` time NOT NULL,
  `is_available` tinyint(1) DEFAULT '1'
) ENGINE=InnoDB DEFAULT CHARSET=utf8mb4 COLLATE=utf8mb4_unicode_ci;

--
-- 傾印資料表的資料 `schedules`
--

INSERT INTO `schedules` (`schedule_id`, `doctor_id`, `date`, `start_time`, `end_time`, `is_available`) VALUES
(1, 1, '2025-06-01', '09:00:00', '10:00:00', 0),
(2, 1, '2025-06-01', '10:00:00', '11:00:00', 1),
(3, 1, '2025-06-01', '11:00:00', '12:00:00', 1),
(4, 1, '2025-06-02', '09:00:00', '10:00:00', 0),
(5, 1, '2025-06-02', '10:00:00', '11:00:00', 0),
(6, 1, '2025-06-02', '11:00:00', '12:00:00', 1),
(7, 1, '2025-06-03', '09:00:00', '10:00:00', 0),
(8, 1, '2025-06-03', '10:00:00', '11:00:00', 0),
(9, 1, '2025-06-03', '11:00:00', '12:00:00', 1),
(10, 1, '2025-06-04', '09:00:00', '10:00:00', 0),
(11, 1, '2025-06-04', '10:00:00', '11:00:00', 1),
(12, 1, '2025-06-04', '11:00:00', '12:00:00', 1),
(13, 1, '2025-06-05', '09:00:00', '10:00:00', 0),
(14, 1, '2025-06-05', '10:00:00', '11:00:00', 1),
(15, 1, '2025-06-05', '11:00:00', '12:00:00', 1),
(16, 1, '2025-06-06', '09:00:00', '10:00:00', 0),
(17, 1, '2025-06-06', '10:00:00', '11:00:00', 1),
(18, 1, '2025-06-06', '11:00:00', '12:00:00', 1),
(19, 1, '2025-06-07', '09:00:00', '10:00:00', 0),
(20, 1, '2025-06-07', '10:00:00', '11:00:00', 1),
(21, 1, '2025-06-07', '11:00:00', '12:00:00', 1),
(22, 1, '2025-06-08', '09:00:00', '10:00:00', 0),
(23, 1, '2025-06-08', '10:00:00', '11:00:00', 1),
(24, 1, '2025-06-08', '11:00:00', '12:00:00', 1),
(25, 1, '2025-06-09', '09:00:00', '10:00:00', 0),
(26, 1, '2025-06-09', '10:00:00', '11:00:00', 1),
(27, 1, '2025-06-09', '11:00:00', '12:00:00', 1),
(28, 1, '2025-06-10', '09:00:00', '10:00:00', 0),
(29, 1, '2025-06-10', '10:00:00', '11:00:00', 1),
(30, 1, '2025-06-10', '11:00:00', '12:00:00', 1),
(31, 1, '2025-06-11', '09:00:00', '10:00:00', 0),
(32, 1, '2025-06-11', '10:00:00', '11:00:00', 1),
(33, 1, '2025-06-11', '11:00:00', '12:00:00', 1),
(34, 1, '2025-06-12', '09:00:00', '10:00:00', 0),
(35, 1, '2025-06-12', '10:00:00', '11:00:00', 1),
(36, 1, '2025-06-12', '11:00:00', '12:00:00', 1),
(37, 1, '2025-06-13', '09:00:00', '10:00:00', 0),
(38, 1, '2025-06-13', '10:00:00', '11:00:00', 1),
(39, 1, '2025-06-13', '11:00:00', '12:00:00', 1),
(40, 1, '2025-06-14', '09:00:00', '10:00:00', 0),
(41, 1, '2025-06-14', '10:00:00', '11:00:00', 1),
(42, 1, '2025-06-14', '11:00:00', '12:00:00', 1),
(43, 1, '2025-06-15', '09:00:00', '10:00:00', 0),
(44, 1, '2025-06-15', '10:00:00', '11:00:00', 1),
(45, 1, '2025-06-15', '11:00:00', '12:00:00', 1),
(46, 1, '2025-06-16', '09:00:00', '10:00:00', 0),
(47, 1, '2025-06-16', '10:00:00', '11:00:00', 1),
(48, 1, '2025-06-16', '11:00:00', '12:00:00', 1),
(49, 1, '2025-06-17', '09:00:00', '10:00:00', 0),
(50, 1, '2025-06-17', '10:00:00', '11:00:00', 1),
(51, 1, '2025-06-17', '11:00:00', '12:00:00', 1),
(52, 1, '2025-06-18', '09:00:00', '10:00:00', 0),
(53, 1, '2025-06-18', '10:00:00', '11:00:00', 1),
(54, 1, '2025-06-18', '11:00:00', '12:00:00', 1),
(55, 1, '2025-06-19', '09:00:00', '10:00:00', 0),
(56, 1, '2025-06-19', '10:00:00', '11:00:00', 1),
(57, 1, '2025-06-19', '11:00:00', '12:00:00', 1),
(58, 1, '2025-06-20', '09:00:00', '10:00:00', 0),
(59, 1, '2025-06-20', '10:00:00', '11:00:00', 1),
(60, 1, '2025-06-20', '11:00:00', '12:00:00', 1),
(61, 1, '2025-06-21', '09:00:00', '10:00:00', 0),
(62, 1, '2025-06-21', '10:00:00', '11:00:00', 1),
(63, 1, '2025-06-21', '11:00:00', '12:00:00', 1),
(64, 1, '2025-06-22', '09:00:00', '10:00:00', 0),
(65, 1, '2025-06-22', '10:00:00', '11:00:00', 1),
(66, 1, '2025-06-22', '11:00:00', '12:00:00', 1),
(67, 1, '2025-06-23', '09:00:00', '10:00:00', 0),
(68, 1, '2025-06-23', '10:00:00', '11:00:00', 1),
(69, 1, '2025-06-23', '11:00:00', '12:00:00', 1),
(70, 1, '2025-06-24', '09:00:00', '10:00:00', 0),
(71, 1, '2025-06-24', '10:00:00', '11:00:00', 1),
(72, 1, '2025-06-24', '11:00:00', '12:00:00', 1),
(73, 1, '2025-06-25', '09:00:00', '10:00:00', 0),
(74, 1, '2025-06-25', '10:00:00', '11:00:00', 1),
(75, 1, '2025-06-25', '11:00:00', '12:00:00', 1),
(76, 1, '2025-06-26', '09:00:00', '10:00:00', 0),
(77, 1, '2025-06-26', '10:00:00', '11:00:00', 1),
(78, 1, '2025-06-26', '11:00:00', '12:00:00', 1),
(79, 1, '2025-06-27', '09:00:00', '10:00:00', 0),
(80, 1, '2025-06-27', '10:00:00', '11:00:00', 1),
(81, 1, '2025-06-27', '11:00:00', '12:00:00', 1),
(82, 1, '2025-06-28', '09:00:00', '10:00:00', 0),
(83, 1, '2025-06-28', '10:00:00', '11:00:00', 1),
(84, 1, '2025-06-28', '11:00:00', '12:00:00', 1),
(85, 1, '2025-06-29', '09:00:00', '10:00:00', 0),
(86, 1, '2025-06-29', '10:00:00', '11:00:00', 1),
(87, 1, '2025-06-29', '11:00:00', '12:00:00', 1),
(88, 1, '2025-06-30', '09:00:00', '10:00:00', 0),
(89, 1, '2025-06-30', '10:00:00', '11:00:00', 1),
(90, 1, '2025-06-30', '11:00:00', '12:00:00', 1),
(91, 2, '2025-06-01', '13:00:00', '14:00:00', 1),
(92, 2, '2025-06-01', '14:00:00', '15:00:00', 0),
(93, 2, '2025-06-01', '15:00:00', '16:00:00', 1),
(94, 2, '2025-06-02', '13:00:00', '14:00:00', 1),
(95, 2, '2025-06-02', '14:00:00', '15:00:00', 0),
(96, 2, '2025-06-02', '15:00:00', '16:00:00', 1),
(97, 2, '2025-06-03', '13:00:00', '14:00:00', 1),
(98, 2, '2025-06-03', '14:00:00', '15:00:00', 0),
(99, 2, '2025-06-03', '15:00:00', '16:00:00', 1),
(100, 2, '2025-06-04', '13:00:00', '14:00:00', 0),
(101, 2, '2025-06-04', '14:00:00', '15:00:00', 0),
(102, 2, '2025-06-04', '15:00:00', '16:00:00', 1),
(103, 2, '2025-06-05', '13:00:00', '14:00:00', 1),
(104, 2, '2025-06-05', '14:00:00', '15:00:00', 0),
(105, 2, '2025-06-05', '15:00:00', '16:00:00', 1),
(106, 2, '2025-06-06', '13:00:00', '14:00:00', 1),
(107, 2, '2025-06-06', '14:00:00', '15:00:00', 0),
(108, 2, '2025-06-06', '15:00:00', '16:00:00', 1),
(109, 2, '2025-06-07', '13:00:00', '14:00:00', 1),
(110, 2, '2025-06-07', '14:00:00', '15:00:00', 0),
(111, 2, '2025-06-07', '15:00:00', '16:00:00', 1),
(112, 2, '2025-06-08', '13:00:00', '14:00:00', 1),
(113, 2, '2025-06-08', '14:00:00', '15:00:00', 0),
(114, 2, '2025-06-08', '15:00:00', '16:00:00', 1),
(115, 2, '2025-06-09', '13:00:00', '14:00:00', 1),
(116, 2, '2025-06-09', '14:00:00', '15:00:00', 0),
(117, 2, '2025-06-09', '15:00:00', '16:00:00', 1),
(118, 2, '2025-06-10', '13:00:00', '14:00:00', 1),
(119, 2, '2025-06-10', '14:00:00', '15:00:00', 0),
(120, 2, '2025-06-10', '15:00:00', '16:00:00', 1),
(121, 2, '2025-06-11', '13:00:00', '14:00:00', 1),
(122, 2, '2025-06-11', '14:00:00', '15:00:00', 0),
(123, 2, '2025-06-11', '15:00:00', '16:00:00', 1),
(124, 2, '2025-06-12', '13:00:00', '14:00:00', 1),
(125, 2, '2025-06-12', '14:00:00', '15:00:00', 0),
(126, 2, '2025-06-12', '15:00:00', '16:00:00', 1),
(127, 2, '2025-06-13', '13:00:00', '14:00:00', 1),
(128, 2, '2025-06-13', '14:00:00', '15:00:00', 0),
(129, 2, '2025-06-13', '15:00:00', '16:00:00', 1),
(130, 2, '2025-06-14', '13:00:00', '14:00:00', 1),
(131, 2, '2025-06-14', '14:00:00', '15:00:00', 0),
(132, 2, '2025-06-14', '15:00:00', '16:00:00', 1),
(133, 2, '2025-06-15', '13:00:00', '14:00:00', 1),
(134, 2, '2025-06-15', '14:00:00', '15:00:00', 0),
(135, 2, '2025-06-15', '15:00:00', '16:00:00', 1),
(136, 2, '2025-06-16', '13:00:00', '14:00:00', 1),
(137, 2, '2025-06-16', '14:00:00', '15:00:00', 0),
(138, 2, '2025-06-16', '15:00:00', '16:00:00', 1),
(139, 2, '2025-06-17', '13:00:00', '14:00:00', 1),
(140, 2, '2025-06-17', '14:00:00', '15:00:00', 0),
(141, 2, '2025-06-17', '15:00:00', '16:00:00', 1),
(142, 2, '2025-06-18', '13:00:00', '14:00:00', 1),
(143, 2, '2025-06-18', '14:00:00', '15:00:00', 0),
(144, 2, '2025-06-18', '15:00:00', '16:00:00', 1),
(145, 2, '2025-06-19', '13:00:00', '14:00:00', 1),
(146, 2, '2025-06-19', '14:00:00', '15:00:00', 0),
(147, 2, '2025-06-19', '15:00:00', '16:00:00', 1),
(148, 2, '2025-06-20', '13:00:00', '14:00:00', 1),
(149, 2, '2025-06-20', '14:00:00', '15:00:00', 0),
(150, 2, '2025-06-20', '15:00:00', '16:00:00', 1),
(151, 2, '2025-06-21', '13:00:00', '14:00:00', 1),
(152, 2, '2025-06-21', '14:00:00', '15:00:00', 0),
(153, 2, '2025-06-21', '15:00:00', '16:00:00', 1),
(154, 2, '2025-06-22', '13:00:00', '14:00:00', 1),
(155, 2, '2025-06-22', '14:00:00', '15:00:00', 0),
(156, 2, '2025-06-22', '15:00:00', '16:00:00', 1),
(157, 2, '2025-06-23', '13:00:00', '14:00:00', 1),
(158, 2, '2025-06-23', '14:00:00', '15:00:00', 0),
(159, 2, '2025-06-23', '15:00:00', '16:00:00', 1),
(160, 2, '2025-06-24', '13:00:00', '14:00:00', 1),
(161, 2, '2025-06-24', '14:00:00', '15:00:00', 0),
(162, 2, '2025-06-24', '15:00:00', '16:00:00', 1),
(163, 2, '2025-06-25', '13:00:00', '14:00:00', 1),
(164, 2, '2025-06-25', '14:00:00', '15:00:00', 0),
(165, 2, '2025-06-25', '15:00:00', '16:00:00', 1),
(166, 2, '2025-06-26', '13:00:00', '14:00:00', 1),
(167, 2, '2025-06-26', '14:00:00', '15:00:00', 0),
(168, 2, '2025-06-26', '15:00:00', '16:00:00', 1),
(169, 2, '2025-06-27', '13:00:00', '14:00:00', 1),
(170, 2, '2025-06-27', '14:00:00', '15:00:00', 0),
(171, 2, '2025-06-27', '15:00:00', '16:00:00', 1),
(172, 2, '2025-06-28', '13:00:00', '14:00:00', 1),
(173, 2, '2025-06-28', '14:00:00', '15:00:00', 0),
(174, 2, '2025-06-28', '15:00:00', '16:00:00', 1),
(175, 2, '2025-06-29', '13:00:00', '14:00:00', 1),
(176, 2, '2025-06-29', '14:00:00', '15:00:00', 0),
(177, 2, '2025-06-29', '15:00:00', '16:00:00', 1),
(178, 2, '2025-06-30', '13:00:00', '14:00:00', 1),
(179, 2, '2025-06-30', '14:00:00', '15:00:00', 0),
(180, 2, '2025-06-30', '15:00:00', '16:00:00', 1),
(181, 3, '2025-06-01', '16:00:00', '17:00:00', 1),
(182, 3, '2025-06-01', '17:00:00', '18:00:00', 0),
(183, 3, '2025-06-02', '16:00:00', '17:00:00', 1),
(184, 3, '2025-06-02', '17:00:00', '18:00:00', 0),
(185, 3, '2025-06-03', '16:00:00', '17:00:00', 1),
(186, 3, '2025-06-03', '17:00:00', '18:00:00', 0),
(187, 3, '2025-06-04', '16:00:00', '17:00:00', 1),
(188, 3, '2025-06-04', '17:00:00', '18:00:00', 0),
(189, 3, '2025-06-05', '16:00:00', '17:00:00', 1),
(190, 3, '2025-06-05', '17:00:00', '18:00:00', 0),
(191, 3, '2025-06-06', '16:00:00', '17:00:00', 1),
(192, 3, '2025-06-06', '17:00:00', '18:00:00', 0),
(193, 3, '2025-06-07', '16:00:00', '17:00:00', 1),
(194, 3, '2025-06-07', '17:00:00', '18:00:00', 0),
(195, 3, '2025-06-08', '16:00:00', '17:00:00', 1),
(196, 3, '2025-06-08', '17:00:00', '18:00:00', 0),
(197, 3, '2025-06-09', '16:00:00', '17:00:00', 1),
(198, 3, '2025-06-09', '17:00:00', '18:00:00', 0),
(199, 3, '2025-06-10', '16:00:00', '17:00:00', 1),
(200, 3, '2025-06-10', '17:00:00', '18:00:00', 0),
(201, 3, '2025-06-11', '16:00:00', '17:00:00', 1),
(202, 3, '2025-06-11', '17:00:00', '18:00:00', 0),
(203, 3, '2025-06-12', '16:00:00', '17:00:00', 1),
(204, 3, '2025-06-12', '17:00:00', '18:00:00', 0),
(205, 3, '2025-06-13', '16:00:00', '17:00:00', 1),
(206, 3, '2025-06-13', '17:00:00', '18:00:00', 0),
(207, 3, '2025-06-14', '16:00:00', '17:00:00', 1),
(208, 3, '2025-06-14', '17:00:00', '18:00:00', 0),
(209, 3, '2025-06-15', '16:00:00', '17:00:00', 1),
(210, 3, '2025-06-15', '17:00:00', '18:00:00', 0),
(211, 3, '2025-06-16', '16:00:00', '17:00:00', 1),
(212, 3, '2025-06-16', '17:00:00', '18:00:00', 0),
(213, 3, '2025-06-17', '16:00:00', '17:00:00', 1),
(214, 3, '2025-06-17', '17:00:00', '18:00:00', 0),
(215, 3, '2025-06-18', '16:00:00', '17:00:00', 1),
(216, 3, '2025-06-18', '17:00:00', '18:00:00', 0),
(217, 3, '2025-06-19', '16:00:00', '17:00:00', 1),
(218, 3, '2025-06-19', '17:00:00', '18:00:00', 0),
(219, 3, '2025-06-20', '16:00:00', '17:00:00', 1),
(220, 3, '2025-06-20', '17:00:00', '18:00:00', 0),
(221, 3, '2025-06-21', '16:00:00', '17:00:00', 1),
(222, 3, '2025-06-21', '17:00:00', '18:00:00', 0),
(223, 3, '2025-06-22', '16:00:00', '17:00:00', 1),
(224, 3, '2025-06-22', '17:00:00', '18:00:00', 0),
(225, 3, '2025-06-23', '16:00:00', '17:00:00', 1),
(226, 3, '2025-06-23', '17:00:00', '18:00:00', 0),
(227, 3, '2025-06-24', '16:00:00', '17:00:00', 1),
(228, 3, '2025-06-24', '17:00:00', '18:00:00', 0),
(229, 3, '2025-06-25', '16:00:00', '17:00:00', 1),
(230, 3, '2025-06-25', '17:00:00', '18:00:00', 0),
(231, 3, '2025-06-26', '16:00:00', '17:00:00', 1),
(232, 3, '2025-06-26', '17:00:00', '18:00:00', 0),
(233, 3, '2025-06-27', '16:00:00', '17:00:00', 1),
(234, 3, '2025-06-27', '17:00:00', '18:00:00', 0),
(235, 3, '2025-06-28', '16:00:00', '17:00:00', 1),
(236, 3, '2025-06-28', '17:00:00', '18:00:00', 0),
(237, 3, '2025-06-29', '16:00:00', '17:00:00', 1),
(238, 3, '2025-06-29', '17:00:00', '18:00:00', 0),
(239, 3, '2025-06-30', '16:00:00', '17:00:00', 1),
(240, 3, '2025-06-30', '17:00:00', '18:00:00', 0),
(241, 4, '2025-06-01', '09:00:00', '10:00:00', 1),
(242, 4, '2025-06-01', '10:00:00', '11:00:00', 1),
(243, 4, '2025-06-01', '11:00:00', '12:00:00', 0),
(244, 4, '2025-06-02', '09:00:00', '10:00:00', 1),
(245, 4, '2025-06-02', '10:00:00', '11:00:00', 1),
(246, 4, '2025-06-02', '11:00:00', '12:00:00', 1),
(247, 4, '2025-06-03', '09:00:00', '10:00:00', 1),
(248, 4, '2025-06-03', '10:00:00', '11:00:00', 1),
(249, 4, '2025-06-03', '11:00:00', '12:00:00', 1),
(250, 4, '2025-06-04', '09:00:00', '10:00:00', 1),
(251, 4, '2025-06-04', '10:00:00', '11:00:00', 1),
(252, 4, '2025-06-04', '11:00:00', '12:00:00', 1),
(253, 4, '2025-06-05', '09:00:00', '10:00:00', 1),
(254, 4, '2025-06-05', '10:00:00', '11:00:00', 1),
(255, 4, '2025-06-05', '11:00:00', '12:00:00', 1),
(256, 4, '2025-06-06', '09:00:00', '10:00:00', 1),
(257, 4, '2025-06-06', '10:00:00', '11:00:00', 1),
(258, 4, '2025-06-06', '11:00:00', '12:00:00', 1),
(259, 4, '2025-06-07', '09:00:00', '10:00:00', 0),
(260, 4, '2025-06-07', '10:00:00', '11:00:00', 0),
(261, 4, '2025-06-07', '11:00:00', '12:00:00', 0),
(262, 4, '2025-06-08', '09:00:00', '10:00:00', 1),
(263, 4, '2025-06-08', '10:00:00', '11:00:00', 1),
(264, 4, '2025-06-08', '11:00:00', '12:00:00', 1),
(265, 4, '2025-06-09', '09:00:00', '10:00:00', 1),
(266, 4, '2025-06-09', '10:00:00', '11:00:00', 1),
(267, 4, '2025-06-09', '11:00:00', '12:00:00', 1),
(268, 4, '2025-06-10', '09:00:00', '10:00:00', 1),
(269, 4, '2025-06-10', '10:00:00', '11:00:00', 1),
(270, 4, '2025-06-10', '11:00:00', '12:00:00', 1),
(271, 4, '2025-06-11', '09:00:00', '10:00:00', 1),
(272, 4, '2025-06-11', '10:00:00', '11:00:00', 1),
(273, 4, '2025-06-11', '11:00:00', '12:00:00', 1),
(274, 4, '2025-06-12', '09:00:00', '10:00:00', 1),
(275, 4, '2025-06-12', '10:00:00', '11:00:00', 1),
(276, 4, '2025-06-12', '11:00:00', '12:00:00', 1),
(277, 4, '2025-06-13', '09:00:00', '10:00:00', 1),
(278, 4, '2025-06-13', '10:00:00', '11:00:00', 1),
(279, 4, '2025-06-13', '11:00:00', '12:00:00', 1),
(280, 4, '2025-06-14', '09:00:00', '10:00:00', 1),
(281, 4, '2025-06-14', '10:00:00', '11:00:00', 1),
(282, 4, '2025-06-14', '11:00:00', '12:00:00', 1),
(283, 4, '2025-06-15', '09:00:00', '10:00:00', 1),
(284, 4, '2025-06-15', '10:00:00', '11:00:00', 0),
(285, 4, '2025-06-15', '11:00:00', '12:00:00', 0),
(286, 4, '2025-06-16', '09:00:00', '10:00:00', 1),
(287, 4, '2025-06-16', '10:00:00', '11:00:00', 1),
(288, 4, '2025-06-16', '11:00:00', '12:00:00', 1),
(289, 4, '2025-06-17', '09:00:00', '10:00:00', 1),
(290, 4, '2025-06-17', '10:00:00', '11:00:00', 1),
(291, 4, '2025-06-17', '11:00:00', '12:00:00', 1),
(292, 4, '2025-06-18', '09:00:00', '10:00:00', 0),
(293, 4, '2025-06-18', '10:00:00', '11:00:00', 1),
(294, 4, '2025-06-18', '11:00:00', '12:00:00', 1),
(295, 4, '2025-06-19', '09:00:00', '10:00:00', 1),
(296, 4, '2025-06-19', '10:00:00', '11:00:00', 1),
(297, 4, '2025-06-19', '11:00:00', '12:00:00', 1),
(298, 4, '2025-06-20', '09:00:00', '10:00:00', 1),
(299, 4, '2025-06-20', '10:00:00', '11:00:00', 1),
(300, 4, '2025-06-20', '11:00:00', '12:00:00', 1),
(301, 4, '2025-06-21', '09:00:00', '10:00:00', 1),
(302, 4, '2025-06-21', '10:00:00', '11:00:00', 1),
(303, 4, '2025-06-21', '11:00:00', '12:00:00', 1),
(304, 4, '2025-06-22', '09:00:00', '10:00:00', 1),
(305, 4, '2025-06-22', '10:00:00', '11:00:00', 1),
(306, 4, '2025-06-22', '11:00:00', '12:00:00', 1),
(307, 4, '2025-06-23', '09:00:00', '10:00:00', 1),
(308, 4, '2025-06-23', '10:00:00', '11:00:00', 1),
(309, 4, '2025-06-23', '11:00:00', '12:00:00', 1),
(310, 4, '2025-06-24', '09:00:00', '10:00:00', 1),
(311, 4, '2025-06-24', '10:00:00', '11:00:00', 0),
(312, 4, '2025-06-24', '11:00:00', '12:00:00', 0),
(313, 4, '2025-06-25', '09:00:00', '10:00:00', 1),
(314, 4, '2025-06-25', '10:00:00', '11:00:00', 1),
(315, 4, '2025-06-25', '11:00:00', '12:00:00', 0),
(316, 4, '2025-06-26', '09:00:00', '10:00:00', 1),
(317, 4, '2025-06-26', '10:00:00', '11:00:00', 1),
(318, 4, '2025-06-26', '11:00:00', '12:00:00', 1),
(319, 4, '2025-06-27', '09:00:00', '10:00:00', 1),
(320, 4, '2025-06-27', '10:00:00', '11:00:00', 1),
(321, 4, '2025-06-27', '11:00:00', '12:00:00', 1),
(322, 4, '2025-06-28', '09:00:00', '10:00:00', 1),
(323, 4, '2025-06-28', '10:00:00', '11:00:00', 1),
(324, 4, '2025-06-28', '11:00:00', '12:00:00', 1),
(325, 4, '2025-06-29', '09:00:00', '10:00:00', 1),
(326, 4, '2025-06-29', '10:00:00', '11:00:00', 1),
(327, 4, '2025-06-29', '11:00:00', '12:00:00', 1),
(328, 4, '2025-06-30', '09:00:00', '10:00:00', 1),
(329, 4, '2025-06-30', '10:00:00', '11:00:00', 1),
(330, 4, '2025-06-30', '11:00:00', '12:00:00', 1),
(331, 5, '2025-06-01', '13:00:00', '14:00:00', 1),
(332, 5, '2025-06-01', '14:00:00', '15:00:00', 1),
(333, 5, '2025-06-01', '15:00:00', '16:00:00', 1),
(334, 5, '2025-06-02', '13:00:00', '14:00:00', 1),
(335, 5, '2025-06-02', '14:00:00', '15:00:00', 1),
(336, 5, '2025-06-02', '15:00:00', '16:00:00', 1),
(337, 5, '2025-06-03', '13:00:00', '14:00:00', 1),
(338, 5, '2025-06-03', '14:00:00', '15:00:00', 1),
(339, 5, '2025-06-03', '15:00:00', '16:00:00', 1),
(340, 5, '2025-06-04', '13:00:00', '14:00:00', 1),
(341, 5, '2025-06-04', '14:00:00', '15:00:00', 1),
(342, 5, '2025-06-04', '15:00:00', '16:00:00', 1),
(343, 5, '2025-06-05', '13:00:00', '14:00:00', 1),
(344, 5, '2025-06-05', '14:00:00', '15:00:00', 1),
(345, 5, '2025-06-05', '15:00:00', '16:00:00', 1),
(346, 5, '2025-06-06', '13:00:00', '14:00:00', 1),
(347, 5, '2025-06-06', '14:00:00', '15:00:00', 1),
(348, 5, '2025-06-06', '15:00:00', '16:00:00', 1),
(349, 5, '2025-06-07', '13:00:00', '14:00:00', 1),
(350, 5, '2025-06-07', '14:00:00', '15:00:00', 1),
(351, 5, '2025-06-07', '15:00:00', '16:00:00', 1),
(352, 5, '2025-06-08', '13:00:00', '14:00:00', 1),
(353, 5, '2025-06-08', '14:00:00', '15:00:00', 1),
(354, 5, '2025-06-08', '15:00:00', '16:00:00', 1),
(355, 5, '2025-06-09', '13:00:00', '14:00:00', 1),
(356, 5, '2025-06-09', '14:00:00', '15:00:00', 1),
(357, 5, '2025-06-09', '15:00:00', '16:00:00', 1),
(358, 5, '2025-06-10', '13:00:00', '14:00:00', 1),
(359, 5, '2025-06-10', '14:00:00', '15:00:00', 1),
(360, 5, '2025-06-10', '15:00:00', '16:00:00', 0),
(361, 5, '2025-06-11', '13:00:00', '14:00:00', 1),
(362, 5, '2025-06-11', '14:00:00', '15:00:00', 1),
(363, 5, '2025-06-11', '15:00:00', '16:00:00', 1),
(364, 5, '2025-06-12', '13:00:00', '14:00:00', 1),
(365, 5, '2025-06-12', '14:00:00', '15:00:00', 1),
(366, 5, '2025-06-12', '15:00:00', '16:00:00', 1),
(367, 5, '2025-06-13', '13:00:00', '14:00:00', 0),
(368, 5, '2025-06-13', '14:00:00', '15:00:00', 1),
(369, 5, '2025-06-13', '15:00:00', '16:00:00', 1),
(370, 5, '2025-06-14', '13:00:00', '14:00:00', 1),
(371, 5, '2025-06-14', '14:00:00', '15:00:00', 1),
(372, 5, '2025-06-14', '15:00:00', '16:00:00', 1),
(373, 5, '2025-06-15', '13:00:00', '14:00:00', 1),
(374, 5, '2025-06-15', '14:00:00', '15:00:00', 0),
(375, 5, '2025-06-15', '15:00:00', '16:00:00', 1),
(376, 5, '2025-06-16', '13:00:00', '14:00:00', 1),
(377, 5, '2025-06-16', '14:00:00', '15:00:00', 1),
(378, 5, '2025-06-16', '15:00:00', '16:00:00', 1),
(379, 5, '2025-06-17', '13:00:00', '14:00:00', 1),
(380, 5, '2025-06-17', '14:00:00', '15:00:00', 1),
(381, 5, '2025-06-17', '15:00:00', '16:00:00', 1),
(382, 5, '2025-06-18', '13:00:00', '14:00:00', 1),
(383, 5, '2025-06-18', '14:00:00', '15:00:00', 1),
(384, 5, '2025-06-18', '15:00:00', '16:00:00', 1),
(385, 5, '2025-06-19', '13:00:00', '14:00:00', 1),
(386, 5, '2025-06-19', '14:00:00', '15:00:00', 1),
(387, 5, '2025-06-19', '15:00:00', '16:00:00', 1),
(388, 5, '2025-06-20', '13:00:00', '14:00:00', 1),
(389, 5, '2025-06-20', '14:00:00', '15:00:00', 1),
(390, 5, '2025-06-20', '15:00:00', '16:00:00', 1),
(391, 5, '2025-06-21', '13:00:00', '14:00:00', 1),
(392, 5, '2025-06-21', '14:00:00', '15:00:00', 1),
(393, 5, '2025-06-21', '15:00:00', '16:00:00', 1),
(394, 5, '2025-06-22', '13:00:00', '14:00:00', 1),
(395, 5, '2025-06-22', '14:00:00', '15:00:00', 1),
(396, 5, '2025-06-22', '15:00:00', '16:00:00', 1),
(397, 5, '2025-06-23', '13:00:00', '14:00:00', 1),
(398, 5, '2025-06-23', '14:00:00', '15:00:00', 1),
(399, 5, '2025-06-23', '15:00:00', '16:00:00', 1),
(400, 5, '2025-06-24', '13:00:00', '14:00:00', 0),
(401, 5, '2025-06-24', '14:00:00', '15:00:00', 1),
(402, 5, '2025-06-24', '15:00:00', '16:00:00', 1),
(403, 5, '2025-06-25', '13:00:00', '14:00:00', 1),
(404, 5, '2025-06-25', '14:00:00', '15:00:00', 0),
(405, 5, '2025-06-25', '15:00:00', '16:00:00', 1),
(406, 5, '2025-06-26', '13:00:00', '14:00:00', 1),
(407, 5, '2025-06-26', '14:00:00', '15:00:00', 0),
(408, 5, '2025-06-26', '15:00:00', '16:00:00', 1),
(409, 5, '2025-06-27', '13:00:00', '14:00:00', 1),
(410, 5, '2025-06-27', '14:00:00', '15:00:00', 1),
(411, 5, '2025-06-27', '15:00:00', '16:00:00', 1),
(412, 5, '2025-06-28', '13:00:00', '14:00:00', 1),
(413, 5, '2025-06-28', '14:00:00', '15:00:00', 1),
(414, 5, '2025-06-28', '15:00:00', '16:00:00', 1),
(415, 5, '2025-06-29', '13:00:00', '14:00:00', 0),
(416, 5, '2025-06-29', '14:00:00', '15:00:00', 0),
(417, 5, '2025-06-29', '15:00:00', '16:00:00', 0),
(418, 5, '2025-06-30', '13:00:00', '14:00:00', 0),
(419, 5, '2025-06-30', '14:00:00', '15:00:00', 1),
(420, 5, '2025-06-30', '15:00:00', '16:00:00', 1),
(421, 6, '2025-06-01', '16:00:00', '17:00:00', 0),
(422, 6, '2025-06-01', '17:00:00', '18:00:00', 1),
(423, 6, '2025-06-02', '16:00:00', '17:00:00', 1),
(424, 6, '2025-06-02', '17:00:00', '18:00:00', 1),
(425, 6, '2025-06-03', '16:00:00', '17:00:00', 1),
(426, 6, '2025-06-03', '17:00:00', '18:00:00', 1),
(427, 6, '2025-06-04', '16:00:00', '17:00:00', 1),
(428, 6, '2025-06-04', '17:00:00', '18:00:00', 0),
(429, 6, '2025-06-05', '16:00:00', '17:00:00', 1),
(430, 6, '2025-06-05', '17:00:00', '18:00:00', 1),
(431, 6, '2025-06-06', '16:00:00', '17:00:00', 1),
(432, 6, '2025-06-06', '17:00:00', '18:00:00', 0),
(433, 6, '2025-06-07', '16:00:00', '17:00:00', 1),
(434, 6, '2025-06-07', '17:00:00', '18:00:00', 1),
(435, 6, '2025-06-08', '16:00:00', '17:00:00', 1),
(436, 6, '2025-06-08', '17:00:00', '18:00:00', 1),
(437, 6, '2025-06-09', '16:00:00', '17:00:00', 0),
(438, 6, '2025-06-09', '17:00:00', '18:00:00', 1),
(439, 6, '2025-06-10', '16:00:00', '17:00:00', 1),
(440, 6, '2025-06-10', '17:00:00', '18:00:00', 1),
(441, 6, '2025-06-11', '16:00:00', '17:00:00', 0),
(442, 6, '2025-06-11', '17:00:00', '18:00:00', 1),
(443, 6, '2025-06-12', '16:00:00', '17:00:00', 1),
(444, 6, '2025-06-12', '17:00:00', '18:00:00', 1),
(445, 6, '2025-06-13', '16:00:00', '17:00:00', 1),
(446, 6, '2025-06-13', '17:00:00', '18:00:00', 1),
(447, 6, '2025-06-14', '16:00:00', '17:00:00', 1),
(448, 6, '2025-06-14', '17:00:00', '18:00:00', 1),
(449, 6, '2025-06-15', '16:00:00', '17:00:00', 0),
(450, 6, '2025-06-15', '17:00:00', '18:00:00', 1),
(451, 6, '2025-06-16', '16:00:00', '17:00:00', 1),
(452, 6, '2025-06-16', '17:00:00', '18:00:00', 1),
(453, 6, '2025-06-17', '16:00:00', '17:00:00', 1),
(454, 6, '2025-06-17', '17:00:00', '18:00:00', 1),
(455, 6, '2025-06-18', '16:00:00', '17:00:00', 1),
(456, 6, '2025-06-18', '17:00:00', '18:00:00', 0),
(457, 6, '2025-06-19', '16:00:00', '17:00:00', 1),
(458, 6, '2025-06-19', '17:00:00', '18:00:00', 1),
(459, 6, '2025-06-20', '16:00:00', '17:00:00', 1),
(460, 6, '2025-06-20', '17:00:00', '18:00:00', 1),
(461, 6, '2025-06-21', '16:00:00', '17:00:00', 1),
(462, 6, '2025-06-21', '17:00:00', '18:00:00', 0),
(463, 6, '2025-06-22', '16:00:00', '17:00:00', 1),
(464, 6, '2025-06-22', '17:00:00', '18:00:00', 1),
(465, 6, '2025-06-23', '16:00:00', '17:00:00', 1),
(466, 6, '2025-06-23', '17:00:00', '18:00:00', 1),
(467, 6, '2025-06-24', '16:00:00', '17:00:00', 1),
(468, 6, '2025-06-24', '17:00:00', '18:00:00', 1),
(469, 6, '2025-06-25', '16:00:00', '17:00:00', 1),
(470, 6, '2025-06-25', '17:00:00', '18:00:00', 1),
(471, 6, '2025-06-26', '16:00:00', '17:00:00', 1),
(472, 6, '2025-06-26', '17:00:00', '18:00:00', 1),
(473, 6, '2025-06-27', '16:00:00', '17:00:00', 1),
(474, 6, '2025-06-27', '17:00:00', '18:00:00', 1),
(475, 6, '2025-06-28', '16:00:00', '17:00:00', 0),
(476, 6, '2025-06-28', '17:00:00', '18:00:00', 1),
(477, 6, '2025-06-29', '16:00:00', '17:00:00', 0),
(478, 6, '2025-06-29', '17:00:00', '18:00:00', 1),
(479, 6, '2025-06-30', '16:00:00', '17:00:00', 1),
(480, 6, '2025-06-30', '17:00:00', '18:00:00', 1),
(481, 7, '2025-06-01', '09:00:00', '10:00:00', 1),
(482, 7, '2025-06-01', '10:00:00', '11:00:00', 1),
(483, 7, '2025-06-01', '11:00:00', '12:00:00', 1),
(484, 7, '2025-06-02', '09:00:00', '10:00:00', 0),
(485, 7, '2025-06-02', '10:00:00', '11:00:00', 0),
(486, 7, '2025-06-02', '11:00:00', '12:00:00', 1),
(487, 7, '2025-06-03', '09:00:00', '10:00:00', 1),
(488, 7, '2025-06-03', '10:00:00', '11:00:00', 0),
(489, 7, '2025-06-03', '11:00:00', '12:00:00', 1),
(490, 7, '2025-06-04', '09:00:00', '10:00:00', 0),
(491, 7, '2025-06-04', '10:00:00', '11:00:00', 1),
(492, 7, '2025-06-04', '11:00:00', '12:00:00', 1),
(493, 7, '2025-06-05', '09:00:00', '10:00:00', 1),
(494, 7, '2025-06-05', '10:00:00', '11:00:00', 1),
(495, 7, '2025-06-05', '11:00:00', '12:00:00', 1),
(496, 7, '2025-06-06', '09:00:00', '10:00:00', 1),
(497, 7, '2025-06-06', '10:00:00', '11:00:00', 1),
(498, 7, '2025-06-06', '11:00:00', '12:00:00', 1),
(499, 7, '2025-06-07', '09:00:00', '10:00:00', 1),
(500, 7, '2025-06-07', '10:00:00', '11:00:00', 1),
(501, 7, '2025-06-07', '11:00:00', '12:00:00', 1),
(502, 7, '2025-06-08', '09:00:00', '10:00:00', 1),
(503, 7, '2025-06-08', '10:00:00', '11:00:00', 1),
(504, 7, '2025-06-08', '11:00:00', '12:00:00', 1),
(505, 7, '2025-06-09', '09:00:00', '10:00:00', 1),
(506, 7, '2025-06-09', '10:00:00', '11:00:00', 1),
(507, 7, '2025-06-09', '11:00:00', '12:00:00', 1),
(508, 7, '2025-06-10', '09:00:00', '10:00:00', 0),
(509, 7, '2025-06-10', '10:00:00', '11:00:00', 1),
(510, 7, '2025-06-10', '11:00:00', '12:00:00', 1),
(511, 7, '2025-06-11', '09:00:00', '10:00:00', 1),
(512, 7, '2025-06-11', '10:00:00', '11:00:00', 1),
(513, 7, '2025-06-11', '11:00:00', '12:00:00', 1),
(514, 7, '2025-06-12', '09:00:00', '10:00:00', 1),
(515, 7, '2025-06-12', '10:00:00', '11:00:00', 1),
(516, 7, '2025-06-12', '11:00:00', '12:00:00', 1),
(517, 7, '2025-06-13', '09:00:00', '10:00:00', 1),
(518, 7, '2025-06-13', '10:00:00', '11:00:00', 1),
(519, 7, '2025-06-13', '11:00:00', '12:00:00', 1),
(520, 7, '2025-06-14', '09:00:00', '10:00:00', 1),
(521, 7, '2025-06-14', '10:00:00', '11:00:00', 1),
(522, 7, '2025-06-14', '11:00:00', '12:00:00', 1),
(523, 7, '2025-06-15', '09:00:00', '10:00:00', 1),
(524, 7, '2025-06-15', '10:00:00', '11:00:00', 1),
(525, 7, '2025-06-15', '11:00:00', '12:00:00', 1),
(526, 7, '2025-06-16', '09:00:00', '10:00:00', 1),
(527, 7, '2025-06-16', '10:00:00', '11:00:00', 1),
(528, 7, '2025-06-16', '11:00:00', '12:00:00', 0),
(529, 7, '2025-06-17', '09:00:00', '10:00:00', 1),
(530, 7, '2025-06-17', '10:00:00', '11:00:00', 1),
(531, 7, '2025-06-17', '11:00:00', '12:00:00', 1),
(532, 7, '2025-06-18', '09:00:00', '10:00:00', 1),
(533, 7, '2025-06-18', '10:00:00', '11:00:00', 1),
(534, 7, '2025-06-18', '11:00:00', '12:00:00', 1),
(535, 7, '2025-06-19', '09:00:00', '10:00:00', 1),
(536, 7, '2025-06-19', '10:00:00', '11:00:00', 0),
(537, 7, '2025-06-19', '11:00:00', '12:00:00', 1),
(538, 7, '2025-06-20', '09:00:00', '10:00:00', 1),
(539, 7, '2025-06-20', '10:00:00', '11:00:00', 1),
(540, 7, '2025-06-20', '11:00:00', '12:00:00', 1),
(541, 7, '2025-06-21', '09:00:00', '10:00:00', 0),
(542, 7, '2025-06-21', '10:00:00', '11:00:00', 1),
(543, 7, '2025-06-21', '11:00:00', '12:00:00', 1),
(544, 7, '2025-06-22', '09:00:00', '10:00:00', 1),
(545, 7, '2025-06-22', '10:00:00', '11:00:00', 1),
(546, 7, '2025-06-22', '11:00:00', '12:00:00', 0),
(547, 7, '2025-06-23', '09:00:00', '10:00:00', 1),
(548, 7, '2025-06-23', '10:00:00', '11:00:00', 1),
(549, 7, '2025-06-23', '11:00:00', '12:00:00', 1),
(550, 7, '2025-06-24', '09:00:00', '10:00:00', 1),
(551, 7, '2025-06-24', '10:00:00', '11:00:00', 1),
(552, 7, '2025-06-24', '11:00:00', '12:00:00', 1),
(553, 7, '2025-06-25', '09:00:00', '10:00:00', 1),
(554, 7, '2025-06-25', '10:00:00', '11:00:00', 1),
(555, 7, '2025-06-25', '11:00:00', '12:00:00', 1),
(556, 7, '2025-06-26', '09:00:00', '10:00:00', 1),
(557, 7, '2025-06-26', '10:00:00', '11:00:00', 1),
(558, 7, '2025-06-26', '11:00:00', '12:00:00', 0),
(559, 7, '2025-06-27', '09:00:00', '10:00:00', 1),
(560, 7, '2025-06-27', '10:00:00', '11:00:00', 1),
(561, 7, '2025-06-27', '11:00:00', '12:00:00', 1),
(562, 7, '2025-06-28', '09:00:00', '10:00:00', 1),
(563, 7, '2025-06-28', '10:00:00', '11:00:00', 1),
(564, 7, '2025-06-28', '11:00:00', '12:00:00', 1),
(565, 7, '2025-06-29', '09:00:00', '10:00:00', 1),
(566, 7, '2025-06-29', '10:00:00', '11:00:00', 1),
(567, 7, '2025-06-29', '11:00:00', '12:00:00', 1),
(568, 7, '2025-06-30', '09:00:00', '10:00:00', 1),
(569, 7, '2025-06-30', '10:00:00', '11:00:00', 1),
(570, 7, '2025-06-30', '11:00:00', '12:00:00', 1),
(571, 8, '2025-06-01', '13:00:00', '14:00:00', 1),
(572, 8, '2025-06-01', '14:00:00', '15:00:00', 1),
(573, 8, '2025-06-01', '15:00:00', '16:00:00', 1),
(574, 8, '2025-06-02', '13:00:00', '14:00:00', 1),
(575, 8, '2025-06-02', '14:00:00', '15:00:00', 1),
(576, 8, '2025-06-02', '15:00:00', '16:00:00', 1),
(577, 8, '2025-06-03', '13:00:00', '14:00:00', 1),
(578, 8, '2025-06-03', '14:00:00', '15:00:00', 1),
(579, 8, '2025-06-03', '15:00:00', '16:00:00', 1),
(580, 8, '2025-06-04', '13:00:00', '14:00:00', 0),
(581, 8, '2025-06-04', '14:00:00', '15:00:00', 1),
(582, 8, '2025-06-04', '15:00:00', '16:00:00', 1),
(583, 8, '2025-06-05', '13:00:00', '14:00:00', 1),
(584, 8, '2025-06-05', '14:00:00', '15:00:00', 0),
(585, 8, '2025-06-05', '15:00:00', '16:00:00', 1),
(586, 8, '2025-06-06', '13:00:00', '14:00:00', 0),
(587, 8, '2025-06-06', '14:00:00', '15:00:00', 1),
(588, 8, '2025-06-06', '15:00:00', '16:00:00', 1),
(589, 8, '2025-06-07', '13:00:00', '14:00:00', 1),
(590, 8, '2025-06-07', '14:00:00', '15:00:00', 1),
(591, 8, '2025-06-07', '15:00:00', '16:00:00', 1),
(592, 8, '2025-06-08', '13:00:00', '14:00:00', 1),
(593, 8, '2025-06-08', '14:00:00', '15:00:00', 1),
(594, 8, '2025-06-08', '15:00:00', '16:00:00', 1),
(595, 8, '2025-06-09', '13:00:00', '14:00:00', 1),
(596, 8, '2025-06-09', '14:00:00', '15:00:00', 1),
(597, 8, '2025-06-09', '15:00:00', '16:00:00', 1),
(598, 8, '2025-06-10', '13:00:00', '14:00:00', 1),
(599, 8, '2025-06-10', '14:00:00', '15:00:00', 1),
(600, 8, '2025-06-10', '15:00:00', '16:00:00', 1),
(601, 8, '2025-06-11', '13:00:00', '14:00:00', 1),
(602, 8, '2025-06-11', '14:00:00', '15:00:00', 0),
(603, 8, '2025-06-11', '15:00:00', '16:00:00', 1),
(604, 8, '2025-06-12', '13:00:00', '14:00:00', 1),
(605, 8, '2025-06-12', '14:00:00', '15:00:00', 1),
(606, 8, '2025-06-12', '15:00:00', '16:00:00', 1),
(607, 8, '2025-06-13', '13:00:00', '14:00:00', 1),
(608, 8, '2025-06-13', '14:00:00', '15:00:00', 1),
(609, 8, '2025-06-13', '15:00:00', '16:00:00', 1),
(610, 8, '2025-06-14', '13:00:00', '14:00:00', 1),
(611, 8, '2025-06-14', '14:00:00', '15:00:00', 1),
(612, 8, '2025-06-14', '15:00:00', '16:00:00', 1),
(613, 8, '2025-06-15', '13:00:00', '14:00:00', 1),
(614, 8, '2025-06-15', '14:00:00', '15:00:00', 1),
(615, 8, '2025-06-15', '15:00:00', '16:00:00', 1),
(616, 8, '2025-06-16', '13:00:00', '14:00:00', 1),
(617, 8, '2025-06-16', '14:00:00', '15:00:00', 1),
(618, 8, '2025-06-16', '15:00:00', '16:00:00', 1),
(619, 8, '2025-06-17', '13:00:00', '14:00:00', 0),
(620, 8, '2025-06-17', '14:00:00', '15:00:00', 1),
(621, 8, '2025-06-17', '15:00:00', '16:00:00', 1),
(622, 8, '2025-06-18', '13:00:00', '14:00:00', 1),
(623, 8, '2025-06-18', '14:00:00', '15:00:00', 1),
(624, 8, '2025-06-18', '15:00:00', '16:00:00', 1),
(625, 8, '2025-06-19', '13:00:00', '14:00:00', 1),
(626, 8, '2025-06-19', '14:00:00', '15:00:00', 1),
(627, 8, '2025-06-19', '15:00:00', '16:00:00', 1),
(628, 8, '2025-06-20', '13:00:00', '14:00:00', 1),
(629, 8, '2025-06-20', '14:00:00', '15:00:00', 0),
(630, 8, '2025-06-20', '15:00:00', '16:00:00', 1),
(631, 8, '2025-06-21', '13:00:00', '14:00:00', 0),
(632, 8, '2025-06-21', '14:00:00', '15:00:00', 1),
(633, 8, '2025-06-21', '15:00:00', '16:00:00', 1),
(634, 8, '2025-06-22', '13:00:00', '14:00:00', 1),
(635, 8, '2025-06-22', '14:00:00', '15:00:00', 1),
(636, 8, '2025-06-22', '15:00:00', '16:00:00', 1),
(637, 8, '2025-06-23', '13:00:00', '14:00:00', 0),
(638, 8, '2025-06-23', '14:00:00', '15:00:00', 1),
(639, 8, '2025-06-23', '15:00:00', '16:00:00', 1),
(640, 8, '2025-06-24', '13:00:00', '14:00:00', 1),
(641, 8, '2025-06-24', '14:00:00', '15:00:00', 1),
(642, 8, '2025-06-24', '15:00:00', '16:00:00', 1),
(643, 8, '2025-06-25', '13:00:00', '14:00:00', 1),
(644, 8, '2025-06-25', '14:00:00', '15:00:00', 0),
(645, 8, '2025-06-25', '15:00:00', '16:00:00', 1),
(646, 8, '2025-06-26', '13:00:00', '14:00:00', 1),
(647, 8, '2025-06-26', '14:00:00', '15:00:00', 1),
(648, 8, '2025-06-26', '15:00:00', '16:00:00', 1),
(649, 8, '2025-06-27', '13:00:00', '14:00:00', 1),
(650, 8, '2025-06-27', '14:00:00', '15:00:00', 1),
(651, 8, '2025-06-27', '15:00:00', '16:00:00', 1),
(652, 8, '2025-06-28', '13:00:00', '14:00:00', 1),
(653, 8, '2025-06-28', '14:00:00', '15:00:00', 1),
(654, 8, '2025-06-28', '15:00:00', '16:00:00', 1),
(655, 8, '2025-06-29', '13:00:00', '14:00:00', 1),
(656, 8, '2025-06-29', '14:00:00', '15:00:00', 1),
(657, 8, '2025-06-29', '15:00:00', '16:00:00', 0),
(658, 8, '2025-06-30', '13:00:00', '14:00:00', 1),
(659, 8, '2025-06-30', '14:00:00', '15:00:00', 1),
(660, 8, '2025-06-30', '15:00:00', '16:00:00', 1);

-- --------------------------------------------------------

--
-- 資料表結構 `users`
--

CREATE TABLE `users` (
  `user_id` int NOT NULL,
  `name` varchar(50) NOT NULL,
  `phone` varchar(20) DEFAULT NULL,
  `email` varchar(100) NOT NULL,
  `password` varchar(255) NOT NULL,
  `role` enum('patient','doctor','admin') NOT NULL
) ENGINE=InnoDB DEFAULT CHARSET=utf8mb4 COLLATE=utf8mb4_unicode_ci;

--
-- 傾印資料表的資料 `users`
--

INSERT INTO `users` (`user_id`, `name`, `phone`, `email`, `password`, `role`) VALUES
(1, '陳大文', '0977376112', 'user1@example.com', 'pass123', 'doctor'),
(2, '李小美', '0959226259', 'user2@example.com', 'pass123', 'doctor'),
(3, '王志強', '0964340236', 'user3@example.com', 'pass123', 'doctor'),
(4, '林雅婷', '0984308357', 'user4@example.com', 'pass123', 'doctor'),
(5, '黃國榮', '0922215171', 'user5@example.com', 'pass123', 'doctor'),
(6, '張惠如', '0934866663', 'user6@example.com', 'pass123', 'doctor'),
(7, '吳俊賢', '0938316974', 'user7@example.com', 'pass123', 'doctor'),
(8, '蔡佩芬', '0946913026', 'user8@example.com', 'pass123', 'doctor'),
(9, '使用者9', '0997710500', 'user9@example.com', 'pass123', 'patient'),
(10, '使用者10', '0984041509', 'user10@example.com', 'pass123', 'patient'),
(11, '使用者11', '0977312016', 'user11@example.com', 'pass123', 'patient'),
(12, '使用者12', '0947224191', 'user12@example.com', 'pass123', 'patient'),
(13, '使用者13', '0922621670', 'user13@example.com', 'pass123', 'patient'),
(14, '使用者14', '0925511733', 'user14@example.com', 'pass123', 'patient'),
(15, '使用者15', '0992111397', 'user15@example.com', 'pass123', 'patient'),
(16, '使用者16', '0924760634', 'user16@example.com', 'pass123', 'patient'),
(17, '使用者17', '0918971645', 'user17@example.com', 'pass123', 'patient'),
(18, '使用者18', '0914957425', 'user18@example.com', 'pass123', 'patient'),
(19, '使用者19', '0956320896', 'user19@example.com', 'pass123', 'patient'),
(20, '使用者20', '0969549856', 'user20@example.com', 'pass123', 'patient'),
(21, '使用者21', '0923506900', 'user21@example.com', 'pass123', 'patient'),
(22, '使用者22', '0923893868', 'user22@example.com', 'pass123', 'patient'),
(23, '使用者23', '0957391396', 'user23@example.com', 'pass123', 'patient'),
(24, '使用者24', '0920871409', 'user24@example.com', 'pass123', 'patient'),
(25, '使用者25', '0976317496', 'user25@example.com', 'pass123', 'patient'),
(26, '使用者26', '0976890419', 'user26@example.com', 'pass123', 'patient'),
(27, '使用者27', '0924883644', 'user27@example.com', 'pass123', 'patient'),
(28, '使用者28', '0968132397', 'user28@example.com', 'pass123', 'patient'),
(29, '使用者29', '0916767162', 'user29@example.com', 'pass123', 'patient'),
(30, '使用者30', '0922077780', 'user30@example.com', 'pass123', 'patient'),
(31, '使用者31', '0966934950', 'user31@example.com', 'pass123', 'patient'),
(32, '使用者32', '0993653346', 'user32@example.com', 'pass123', 'patient'),
(33, '使用者33', '0927850022', 'user33@example.com', 'pass123', 'patient'),
(34, '使用者34', '0947324970', 'user34@example.com', 'pass123', 'patient'),
(35, '使用者35', '0997284638', 'user35@example.com', 'pass123', 'patient'),
(36, '使用者36', '0985989522', 'user36@example.com', 'pass123', 'patient'),
(37, '使用者37', '0926946767', 'user37@example.com', 'pass123', 'patient'),
(38, '使用者38', '0911723032', 'user38@example.com', 'pass123', 'patient'),
(39, '使用者39', '0976469254', 'user39@example.com', 'pass123', 'patient'),
(40, '使用者40', '0971587632', 'user40@example.com', 'pass123', 'patient'),
(41, '使用者41', '0991124308', 'user41@example.com', 'pass123', 'patient'),
(42, '使用者42', '0912674157', 'user42@example.com', 'pass123', 'patient'),
(43, '使用者43', '0952066544', 'user43@example.com', 'pass123', 'patient'),
(44, '使用者44', '0967559765', 'user44@example.com', 'pass123', 'patient'),
(45, '使用者45', '0967851707', 'user45@example.com', 'pass123', 'patient'),
(46, '使用者46', '0998771867', 'user46@example.com', 'pass123', 'patient'),
(47, '使用者47', '0972609630', 'user47@example.com', 'pass123', 'patient'),
(48, '使用者48', '0924447945', 'user48@example.com', 'pass123', 'patient'),
(49, '使用者49', '0959849201', 'user49@example.com', 'pass123', 'patient'),
(50, '使用者50', '0987399909', 'user50@example.com', 'pass123', 'patient');

--
-- 已傾印資料表的索引
--

--
-- 資料表索引 `appointments`
--
ALTER TABLE `appointments`
  ADD PRIMARY KEY (`appointment_id`),
  ADD KEY `patient_id` (`patient_id`),
  ADD KEY `doctor_id` (`doctor_id`),
  ADD KEY `schedule_id` (`schedule_id`);

--
-- 資料表索引 `doctors`
--
ALTER TABLE `doctors`
  ADD PRIMARY KEY (`doctor_id`),
  ADD KEY `user_id` (`user_id`);

--
-- 資料表索引 `schedules`
--
ALTER TABLE `schedules`
  ADD PRIMARY KEY (`schedule_id`),
  ADD KEY `doctor_id` (`doctor_id`);

--
-- 資料表索引 `users`
--
ALTER TABLE `users`
  ADD PRIMARY KEY (`user_id`),
  ADD UNIQUE KEY `email` (`email`);

--
-- 在傾印的資料表使用自動遞增(AUTO_INCREMENT)
--

--
-- 使用資料表自動遞增(AUTO_INCREMENT) `appointments`
--
ALTER TABLE `appointments`
  MODIFY `appointment_id` int NOT NULL AUTO_INCREMENT, AUTO_INCREMENT=92;

--
-- 使用資料表自動遞增(AUTO_INCREMENT) `doctors`
--
ALTER TABLE `doctors`
  MODIFY `doctor_id` int NOT NULL AUTO_INCREMENT, AUTO_INCREMENT=9;

--
-- 使用資料表自動遞增(AUTO_INCREMENT) `schedules`
--
ALTER TABLE `schedules`
  MODIFY `schedule_id` int NOT NULL AUTO_INCREMENT, AUTO_INCREMENT=661;

--
-- 使用資料表自動遞增(AUTO_INCREMENT) `users`
--
ALTER TABLE `users`
  MODIFY `user_id` int NOT NULL AUTO_INCREMENT, AUTO_INCREMENT=51;

--
-- 已傾印資料表的限制式
--

--
-- 資料表的限制式 `appointments`
--
ALTER TABLE `appointments`
  ADD CONSTRAINT `appointments_ibfk_1` FOREIGN KEY (`patient_id`) REFERENCES `users` (`user_id`),
  ADD CONSTRAINT `appointments_ibfk_2` FOREIGN KEY (`doctor_id`) REFERENCES `doctors` (`doctor_id`),
  ADD CONSTRAINT `appointments_ibfk_3` FOREIGN KEY (`schedule_id`) REFERENCES `schedules` (`schedule_id`);

--
-- 資料表的限制式 `doctors`
--
ALTER TABLE `doctors`
  ADD CONSTRAINT `doctors_ibfk_1` FOREIGN KEY (`user_id`) REFERENCES `users` (`user_id`);

--
-- 資料表的限制式 `schedules`
--
ALTER TABLE `schedules`
  ADD CONSTRAINT `schedules_ibfk_1` FOREIGN KEY (`doctor_id`) REFERENCES `doctors` (`doctor_id`);
COMMIT;

/*!40101 SET CHARACTER_SET_CLIENT=@OLD_CHARACTER_SET_CLIENT */;
/*!40101 SET CHARACTER_SET_RESULTS=@OLD_CHARACTER_SET_RESULTS */;
/*!40101 SET COLLATION_CONNECTION=@OLD_COLLATION_CONNECTION */;
