
-- 建立資料庫
CREATE DATABASE IF NOT EXISTS medical_appointment_system_v2;
USE medical_appointment_system_v2;

-- 使用者資料表
CREATE TABLE users (
    user_id INT AUTO_INCREMENT PRIMARY KEY,
    name VARCHAR(50) NOT NULL,
    phone VARCHAR(20),
    email VARCHAR(100) UNIQUE NOT NULL,
    password VARCHAR(255) NOT NULL,
    role ENUM('patient', 'doctor', 'admin') NOT NULL
);

-- 醫生資料表
CREATE TABLE doctors (
    doctor_id INT AUTO_INCREMENT PRIMARY KEY,
    user_id INT NOT NULL,
    specialty VARCHAR(50),
    bio TEXT,
    FOREIGN KEY (user_id) REFERENCES users(user_id)
);

-- 排班資料表
CREATE TABLE schedules (
    schedule_id INT AUTO_INCREMENT PRIMARY KEY,
    doctor_id INT NOT NULL,
    date DATE NOT NULL,
    start_time TIME NOT NULL,
    end_time TIME NOT NULL,
    is_available BOOLEAN DEFAULT TRUE,
    FOREIGN KEY (doctor_id) REFERENCES doctors(doctor_id)
);

-- 預約資料表
CREATE TABLE appointments (
    appointment_id INT AUTO_INCREMENT PRIMARY KEY,
    patient_id INT NOT NULL,
    doctor_id INT NOT NULL,
    schedule_id INT NOT NULL,
    appointment_time DATETIME NOT NULL,
    status ENUM('pending', 'confirmed', 'canceled') DEFAULT 'pending',
    FOREIGN KEY (patient_id) REFERENCES users(user_id),
    FOREIGN KEY (doctor_id) REFERENCES doctors(doctor_id),
    FOREIGN KEY (schedule_id) REFERENCES schedules(schedule_id)
);

INSERT INTO users (name, phone, email, password, role) VALUES ('使用者1', '0977376112', 'user1@example.com', 'pass123', 'doctor');
INSERT INTO users (name, phone, email, password, role) VALUES ('使用者2', '0959226259', 'user2@example.com', 'pass123', 'doctor');
INSERT INTO users (name, phone, email, password, role) VALUES ('使用者3', '0964340236', 'user3@example.com', 'pass123', 'doctor');
INSERT INTO users (name, phone, email, password, role) VALUES ('使用者4', '0984308357', 'user4@example.com', 'pass123', 'doctor');
INSERT INTO users (name, phone, email, password, role) VALUES ('使用者5', '0922215171', 'user5@example.com', 'pass123', 'doctor');
INSERT INTO users (name, phone, email, password, role) VALUES ('使用者6', '0934866663', 'user6@example.com', 'pass123', 'doctor');
INSERT INTO users (name, phone, email, password, role) VALUES ('使用者7', '0938316974', 'user7@example.com', 'pass123', 'doctor');
INSERT INTO users (name, phone, email, password, role) VALUES ('使用者8', '0946913026', 'user8@example.com', 'pass123', 'doctor');
INSERT INTO users (name, phone, email, password, role) VALUES ('使用者9', '0997710500', 'user9@example.com', 'pass123', 'patient');
INSERT INTO users (name, phone, email, password, role) VALUES ('使用者10', '0984041509', 'user10@example.com', 'pass123', 'patient');
INSERT INTO users (name, phone, email, password, role) VALUES ('使用者11', '0977312016', 'user11@example.com', 'pass123', 'patient');
INSERT INTO users (name, phone, email, password, role) VALUES ('使用者12', '0947224191', 'user12@example.com', 'pass123', 'patient');
INSERT INTO users (name, phone, email, password, role) VALUES ('使用者13', '0922621670', 'user13@example.com', 'pass123', 'patient');
INSERT INTO users (name, phone, email, password, role) VALUES ('使用者14', '0925511733', 'user14@example.com', 'pass123', 'patient');
INSERT INTO users (name, phone, email, password, role) VALUES ('使用者15', '0992111397', 'user15@example.com', 'pass123', 'patient');
INSERT INTO users (name, phone, email, password, role) VALUES ('使用者16', '0924760634', 'user16@example.com', 'pass123', 'patient');
INSERT INTO users (name, phone, email, password, role) VALUES ('使用者17', '0918971645', 'user17@example.com', 'pass123', 'patient');
INSERT INTO users (name, phone, email, password, role) VALUES ('使用者18', '0914957425', 'user18@example.com', 'pass123', 'patient');
INSERT INTO users (name, phone, email, password, role) VALUES ('使用者19', '0956320896', 'user19@example.com', 'pass123', 'patient');
INSERT INTO users (name, phone, email, password, role) VALUES ('使用者20', '0969549856', 'user20@example.com', 'pass123', 'patient');
INSERT INTO users (name, phone, email, password, role) VALUES ('使用者21', '0923506900', 'user21@example.com', 'pass123', 'patient');
INSERT INTO users (name, phone, email, password, role) VALUES ('使用者22', '0923893868', 'user22@example.com', 'pass123', 'patient');
INSERT INTO users (name, phone, email, password, role) VALUES ('使用者23', '0957391396', 'user23@example.com', 'pass123', 'patient');
INSERT INTO users (name, phone, email, password, role) VALUES ('使用者24', '0920871409', 'user24@example.com', 'pass123', 'patient');
INSERT INTO users (name, phone, email, password, role) VALUES ('使用者25', '0976317496', 'user25@example.com', 'pass123', 'patient');
INSERT INTO users (name, phone, email, password, role) VALUES ('使用者26', '0976890419', 'user26@example.com', 'pass123', 'patient');
INSERT INTO users (name, phone, email, password, role) VALUES ('使用者27', '0924883644', 'user27@example.com', 'pass123', 'patient');
INSERT INTO users (name, phone, email, password, role) VALUES ('使用者28', '0968132397', 'user28@example.com', 'pass123', 'patient');
INSERT INTO users (name, phone, email, password, role) VALUES ('使用者29', '0916767162', 'user29@example.com', 'pass123', 'patient');
INSERT INTO users (name, phone, email, password, role) VALUES ('使用者30', '0922077780', 'user30@example.com', 'pass123', 'patient');
INSERT INTO users (name, phone, email, password, role) VALUES ('使用者31', '0966934950', 'user31@example.com', 'pass123', 'patient');
INSERT INTO users (name, phone, email, password, role) VALUES ('使用者32', '0993653346', 'user32@example.com', 'pass123', 'patient');
INSERT INTO users (name, phone, email, password, role) VALUES ('使用者33', '0927850022', 'user33@example.com', 'pass123', 'patient');
INSERT INTO users (name, phone, email, password, role) VALUES ('使用者34', '0947324970', 'user34@example.com', 'pass123', 'patient');
INSERT INTO users (name, phone, email, password, role) VALUES ('使用者35', '0997284638', 'user35@example.com', 'pass123', 'patient');
INSERT INTO users (name, phone, email, password, role) VALUES ('使用者36', '0985989522', 'user36@example.com', 'pass123', 'patient');
INSERT INTO users (name, phone, email, password, role) VALUES ('使用者37', '0926946767', 'user37@example.com', 'pass123', 'patient');
INSERT INTO users (name, phone, email, password, role) VALUES ('使用者38', '0911723032', 'user38@example.com', 'pass123', 'patient');
INSERT INTO users (name, phone, email, password, role) VALUES ('使用者39', '0976469254', 'user39@example.com', 'pass123', 'patient');
INSERT INTO users (name, phone, email, password, role) VALUES ('使用者40', '0971587632', 'user40@example.com', 'pass123', 'patient');
INSERT INTO users (name, phone, email, password, role) VALUES ('使用者41', '0991124308', 'user41@example.com', 'pass123', 'patient');
INSERT INTO users (name, phone, email, password, role) VALUES ('使用者42', '0912674157', 'user42@example.com', 'pass123', 'patient');
INSERT INTO users (name, phone, email, password, role) VALUES ('使用者43', '0952066544', 'user43@example.com', 'pass123', 'patient');
INSERT INTO users (name, phone, email, password, role) VALUES ('使用者44', '0967559765', 'user44@example.com', 'pass123', 'patient');
INSERT INTO users (name, phone, email, password, role) VALUES ('使用者45', '0967851707', 'user45@example.com', 'pass123', 'patient');
INSERT INTO users (name, phone, email, password, role) VALUES ('使用者46', '0998771867', 'user46@example.com', 'pass123', 'patient');
INSERT INTO users (name, phone, email, password, role) VALUES ('使用者47', '0972609630', 'user47@example.com', 'pass123', 'patient');
INSERT INTO users (name, phone, email, password, role) VALUES ('使用者48', '0924447945', 'user48@example.com', 'pass123', 'patient');
INSERT INTO users (name, phone, email, password, role) VALUES ('使用者49', '0959849201', 'user49@example.com', 'pass123', 'patient');
INSERT INTO users (name, phone, email, password, role) VALUES ('使用者50', '0987399909', 'user50@example.com', 'pass123', 'patient');
INSERT INTO doctors (user_id, specialty, bio) VALUES (1, '內科', '內科專科醫師');
INSERT INTO doctors (user_id, specialty, bio) VALUES (2, '外科', '外科專科醫師');
INSERT INTO doctors (user_id, specialty, bio) VALUES (3, '牙科', '牙科專科醫師');
INSERT INTO doctors (user_id, specialty, bio) VALUES (4, '內科', '內科專科醫師');
INSERT INTO doctors (user_id, specialty, bio) VALUES (5, '外科', '外科專科醫師');
INSERT INTO doctors (user_id, specialty, bio) VALUES (6, '牙科', '牙科專科醫師');
INSERT INTO doctors (user_id, specialty, bio) VALUES (7, '內科', '內科專科醫師');
INSERT INTO doctors (user_id, specialty, bio) VALUES (8, '外科', '外科專科醫師');
INSERT INTO schedules (doctor_id, date, start_time, end_time, is_available) VALUES (1, '2025-06-01', '09:00:00', '10:00:00', 1);
INSERT INTO schedules (doctor_id, date, start_time, end_time, is_available) VALUES (1, '2025-06-01', '10:00:00', '11:00:00', 1);
INSERT INTO schedules (doctor_id, date, start_time, end_time, is_available) VALUES (1, '2025-06-01', '11:00:00', '12:00:00', 1);
INSERT INTO schedules (doctor_id, date, start_time, end_time, is_available) VALUES (1, '2025-06-02', '09:00:00', '10:00:00', 1);
INSERT INTO schedules (doctor_id, date, start_time, end_time, is_available) VALUES (1, '2025-06-02', '10:00:00', '11:00:00', 1);
INSERT INTO schedules (doctor_id, date, start_time, end_time, is_available) VALUES (1, '2025-06-02', '11:00:00', '12:00:00', 1);
INSERT INTO schedules (doctor_id, date, start_time, end_time, is_available) VALUES (1, '2025-06-03', '09:00:00', '10:00:00', 1);
INSERT INTO schedules (doctor_id, date, start_time, end_time, is_available) VALUES (1, '2025-06-03', '10:00:00', '11:00:00', 1);
INSERT INTO schedules (doctor_id, date, start_time, end_time, is_available) VALUES (1, '2025-06-03', '11:00:00', '12:00:00', 1);
INSERT INTO schedules (doctor_id, date, start_time, end_time, is_available) VALUES (1, '2025-06-04', '09:00:00', '10:00:00', 1);
INSERT INTO schedules (doctor_id, date, start_time, end_time, is_available) VALUES (1, '2025-06-04', '10:00:00', '11:00:00', 1);
INSERT INTO schedules (doctor_id, date, start_time, end_time, is_available) VALUES (1, '2025-06-04', '11:00:00', '12:00:00', 1);
INSERT INTO schedules (doctor_id, date, start_time, end_time, is_available) VALUES (1, '2025-06-05', '09:00:00', '10:00:00', 1);
INSERT INTO schedules (doctor_id, date, start_time, end_time, is_available) VALUES (1, '2025-06-05', '10:00:00', '11:00:00', 1);
INSERT INTO schedules (doctor_id, date, start_time, end_time, is_available) VALUES (1, '2025-06-05', '11:00:00', '12:00:00', 1);
INSERT INTO schedules (doctor_id, date, start_time, end_time, is_available) VALUES (1, '2025-06-06', '09:00:00', '10:00:00', 1);
INSERT INTO schedules (doctor_id, date, start_time, end_time, is_available) VALUES (1, '2025-06-06', '10:00:00', '11:00:00', 1);
INSERT INTO schedules (doctor_id, date, start_time, end_time, is_available) VALUES (1, '2025-06-06', '11:00:00', '12:00:00', 1);
INSERT INTO schedules (doctor_id, date, start_time, end_time, is_available) VALUES (1, '2025-06-07', '09:00:00', '10:00:00', 1);
INSERT INTO schedules (doctor_id, date, start_time, end_time, is_available) VALUES (1, '2025-06-07', '10:00:00', '11:00:00', 1);
INSERT INTO schedules (doctor_id, date, start_time, end_time, is_available) VALUES (1, '2025-06-07', '11:00:00', '12:00:00', 1);
INSERT INTO schedules (doctor_id, date, start_time, end_time, is_available) VALUES (1, '2025-06-08', '09:00:00', '10:00:00', 1);
INSERT INTO schedules (doctor_id, date, start_time, end_time, is_available) VALUES (1, '2025-06-08', '10:00:00', '11:00:00', 1);
INSERT INTO schedules (doctor_id, date, start_time, end_time, is_available) VALUES (1, '2025-06-08', '11:00:00', '12:00:00', 1);
INSERT INTO schedules (doctor_id, date, start_time, end_time, is_available) VALUES (1, '2025-06-09', '09:00:00', '10:00:00', 1);
INSERT INTO schedules (doctor_id, date, start_time, end_time, is_available) VALUES (1, '2025-06-09', '10:00:00', '11:00:00', 1);
INSERT INTO schedules (doctor_id, date, start_time, end_time, is_available) VALUES (1, '2025-06-09', '11:00:00', '12:00:00', 1);
INSERT INTO schedules (doctor_id, date, start_time, end_time, is_available) VALUES (1, '2025-06-10', '09:00:00', '10:00:00', 1);
INSERT INTO schedules (doctor_id, date, start_time, end_time, is_available) VALUES (1, '2025-06-10', '10:00:00', '11:00:00', 1);
INSERT INTO schedules (doctor_id, date, start_time, end_time, is_available) VALUES (1, '2025-06-10', '11:00:00', '12:00:00', 1);
INSERT INTO schedules (doctor_id, date, start_time, end_time, is_available) VALUES (1, '2025-06-11', '09:00:00', '10:00:00', 1);
INSERT INTO schedules (doctor_id, date, start_time, end_time, is_available) VALUES (1, '2025-06-11', '10:00:00', '11:00:00', 1);
INSERT INTO schedules (doctor_id, date, start_time, end_time, is_available) VALUES (1, '2025-06-11', '11:00:00', '12:00:00', 1);
INSERT INTO schedules (doctor_id, date, start_time, end_time, is_available) VALUES (1, '2025-06-12', '09:00:00', '10:00:00', 1);
INSERT INTO schedules (doctor_id, date, start_time, end_time, is_available) VALUES (1, '2025-06-12', '10:00:00', '11:00:00', 1);
INSERT INTO schedules (doctor_id, date, start_time, end_time, is_available) VALUES (1, '2025-06-12', '11:00:00', '12:00:00', 1);
INSERT INTO schedules (doctor_id, date, start_time, end_time, is_available) VALUES (1, '2025-06-13', '09:00:00', '10:00:00', 1);
INSERT INTO schedules (doctor_id, date, start_time, end_time, is_available) VALUES (1, '2025-06-13', '10:00:00', '11:00:00', 1);
INSERT INTO schedules (doctor_id, date, start_time, end_time, is_available) VALUES (1, '2025-06-13', '11:00:00', '12:00:00', 1);
INSERT INTO schedules (doctor_id, date, start_time, end_time, is_available) VALUES (1, '2025-06-14', '09:00:00', '10:00:00', 1);
INSERT INTO schedules (doctor_id, date, start_time, end_time, is_available) VALUES (1, '2025-06-14', '10:00:00', '11:00:00', 1);
INSERT INTO schedules (doctor_id, date, start_time, end_time, is_available) VALUES (1, '2025-06-14', '11:00:00', '12:00:00', 1);
INSERT INTO schedules (doctor_id, date, start_time, end_time, is_available) VALUES (1, '2025-06-15', '09:00:00', '10:00:00', 1);
INSERT INTO schedules (doctor_id, date, start_time, end_time, is_available) VALUES (1, '2025-06-15', '10:00:00', '11:00:00', 1);
INSERT INTO schedules (doctor_id, date, start_time, end_time, is_available) VALUES (1, '2025-06-15', '11:00:00', '12:00:00', 1);
INSERT INTO schedules (doctor_id, date, start_time, end_time, is_available) VALUES (1, '2025-06-16', '09:00:00', '10:00:00', 1);
INSERT INTO schedules (doctor_id, date, start_time, end_time, is_available) VALUES (1, '2025-06-16', '10:00:00', '11:00:00', 1);
INSERT INTO schedules (doctor_id, date, start_time, end_time, is_available) VALUES (1, '2025-06-16', '11:00:00', '12:00:00', 1);
INSERT INTO schedules (doctor_id, date, start_time, end_time, is_available) VALUES (1, '2025-06-17', '09:00:00', '10:00:00', 1);
INSERT INTO schedules (doctor_id, date, start_time, end_time, is_available) VALUES (1, '2025-06-17', '10:00:00', '11:00:00', 1);
INSERT INTO schedules (doctor_id, date, start_time, end_time, is_available) VALUES (1, '2025-06-17', '11:00:00', '12:00:00', 1);
INSERT INTO schedules (doctor_id, date, start_time, end_time, is_available) VALUES (1, '2025-06-18', '09:00:00', '10:00:00', 1);
INSERT INTO schedules (doctor_id, date, start_time, end_time, is_available) VALUES (1, '2025-06-18', '10:00:00', '11:00:00', 1);
INSERT INTO schedules (doctor_id, date, start_time, end_time, is_available) VALUES (1, '2025-06-18', '11:00:00', '12:00:00', 1);
INSERT INTO schedules (doctor_id, date, start_time, end_time, is_available) VALUES (1, '2025-06-19', '09:00:00', '10:00:00', 1);
INSERT INTO schedules (doctor_id, date, start_time, end_time, is_available) VALUES (1, '2025-06-19', '10:00:00', '11:00:00', 1);
INSERT INTO schedules (doctor_id, date, start_time, end_time, is_available) VALUES (1, '2025-06-19', '11:00:00', '12:00:00', 1);
INSERT INTO schedules (doctor_id, date, start_time, end_time, is_available) VALUES (1, '2025-06-20', '09:00:00', '10:00:00', 1);
INSERT INTO schedules (doctor_id, date, start_time, end_time, is_available) VALUES (1, '2025-06-20', '10:00:00', '11:00:00', 1);
INSERT INTO schedules (doctor_id, date, start_time, end_time, is_available) VALUES (1, '2025-06-20', '11:00:00', '12:00:00', 1);
INSERT INTO schedules (doctor_id, date, start_time, end_time, is_available) VALUES (1, '2025-06-21', '09:00:00', '10:00:00', 1);
INSERT INTO schedules (doctor_id, date, start_time, end_time, is_available) VALUES (1, '2025-06-21', '10:00:00', '11:00:00', 1);
INSERT INTO schedules (doctor_id, date, start_time, end_time, is_available) VALUES (1, '2025-06-21', '11:00:00', '12:00:00', 1);
INSERT INTO schedules (doctor_id, date, start_time, end_time, is_available) VALUES (1, '2025-06-22', '09:00:00', '10:00:00', 1);
INSERT INTO schedules (doctor_id, date, start_time, end_time, is_available) VALUES (1, '2025-06-22', '10:00:00', '11:00:00', 1);
INSERT INTO schedules (doctor_id, date, start_time, end_time, is_available) VALUES (1, '2025-06-22', '11:00:00', '12:00:00', 1);
INSERT INTO schedules (doctor_id, date, start_time, end_time, is_available) VALUES (1, '2025-06-23', '09:00:00', '10:00:00', 1);
INSERT INTO schedules (doctor_id, date, start_time, end_time, is_available) VALUES (1, '2025-06-23', '10:00:00', '11:00:00', 1);
INSERT INTO schedules (doctor_id, date, start_time, end_time, is_available) VALUES (1, '2025-06-23', '11:00:00', '12:00:00', 1);
INSERT INTO schedules (doctor_id, date, start_time, end_time, is_available) VALUES (1, '2025-06-24', '09:00:00', '10:00:00', 1);
INSERT INTO schedules (doctor_id, date, start_time, end_time, is_available) VALUES (1, '2025-06-24', '10:00:00', '11:00:00', 1);
INSERT INTO schedules (doctor_id, date, start_time, end_time, is_available) VALUES (1, '2025-06-24', '11:00:00', '12:00:00', 1);
INSERT INTO schedules (doctor_id, date, start_time, end_time, is_available) VALUES (1, '2025-06-25', '09:00:00', '10:00:00', 1);
INSERT INTO schedules (doctor_id, date, start_time, end_time, is_available) VALUES (1, '2025-06-25', '10:00:00', '11:00:00', 1);
INSERT INTO schedules (doctor_id, date, start_time, end_time, is_available) VALUES (1, '2025-06-25', '11:00:00', '12:00:00', 1);
INSERT INTO schedules (doctor_id, date, start_time, end_time, is_available) VALUES (1, '2025-06-26', '09:00:00', '10:00:00', 1);
INSERT INTO schedules (doctor_id, date, start_time, end_time, is_available) VALUES (1, '2025-06-26', '10:00:00', '11:00:00', 1);
INSERT INTO schedules (doctor_id, date, start_time, end_time, is_available) VALUES (1, '2025-06-26', '11:00:00', '12:00:00', 1);
INSERT INTO schedules (doctor_id, date, start_time, end_time, is_available) VALUES (1, '2025-06-27', '09:00:00', '10:00:00', 1);
INSERT INTO schedules (doctor_id, date, start_time, end_time, is_available) VALUES (1, '2025-06-27', '10:00:00', '11:00:00', 1);
INSERT INTO schedules (doctor_id, date, start_time, end_time, is_available) VALUES (1, '2025-06-27', '11:00:00', '12:00:00', 1);
INSERT INTO schedules (doctor_id, date, start_time, end_time, is_available) VALUES (1, '2025-06-28', '09:00:00', '10:00:00', 1);
INSERT INTO schedules (doctor_id, date, start_time, end_time, is_available) VALUES (1, '2025-06-28', '10:00:00', '11:00:00', 1);
INSERT INTO schedules (doctor_id, date, start_time, end_time, is_available) VALUES (1, '2025-06-28', '11:00:00', '12:00:00', 1);
INSERT INTO schedules (doctor_id, date, start_time, end_time, is_available) VALUES (1, '2025-06-29', '09:00:00', '10:00:00', 1);
INSERT INTO schedules (doctor_id, date, start_time, end_time, is_available) VALUES (1, '2025-06-29', '10:00:00', '11:00:00', 1);
INSERT INTO schedules (doctor_id, date, start_time, end_time, is_available) VALUES (1, '2025-06-29', '11:00:00', '12:00:00', 1);
INSERT INTO schedules (doctor_id, date, start_time, end_time, is_available) VALUES (1, '2025-06-30', '09:00:00', '10:00:00', 1);
INSERT INTO schedules (doctor_id, date, start_time, end_time, is_available) VALUES (1, '2025-06-30', '10:00:00', '11:00:00', 1);
INSERT INTO schedules (doctor_id, date, start_time, end_time, is_available) VALUES (1, '2025-06-30', '11:00:00', '12:00:00', 1);
INSERT INTO schedules (doctor_id, date, start_time, end_time, is_available) VALUES (2, '2025-06-01', '13:00:00', '14:00:00', 1);
INSERT INTO schedules (doctor_id, date, start_time, end_time, is_available) VALUES (2, '2025-06-01', '14:00:00', '15:00:00', 1);
INSERT INTO schedules (doctor_id, date, start_time, end_time, is_available) VALUES (2, '2025-06-01', '15:00:00', '16:00:00', 1);
INSERT INTO schedules (doctor_id, date, start_time, end_time, is_available) VALUES (2, '2025-06-02', '13:00:00', '14:00:00', 1);
INSERT INTO schedules (doctor_id, date, start_time, end_time, is_available) VALUES (2, '2025-06-02', '14:00:00', '15:00:00', 1);
INSERT INTO schedules (doctor_id, date, start_time, end_time, is_available) VALUES (2, '2025-06-02', '15:00:00', '16:00:00', 1);
INSERT INTO schedules (doctor_id, date, start_time, end_time, is_available) VALUES (2, '2025-06-03', '13:00:00', '14:00:00', 1);
INSERT INTO schedules (doctor_id, date, start_time, end_time, is_available) VALUES (2, '2025-06-03', '14:00:00', '15:00:00', 1);
INSERT INTO schedules (doctor_id, date, start_time, end_time, is_available) VALUES (2, '2025-06-03', '15:00:00', '16:00:00', 1);
INSERT INTO schedules (doctor_id, date, start_time, end_time, is_available) VALUES (2, '2025-06-04', '13:00:00', '14:00:00', 1);
INSERT INTO schedules (doctor_id, date, start_time, end_time, is_available) VALUES (2, '2025-06-04', '14:00:00', '15:00:00', 1);
INSERT INTO schedules (doctor_id, date, start_time, end_time, is_available) VALUES (2, '2025-06-04', '15:00:00', '16:00:00', 1);
INSERT INTO schedules (doctor_id, date, start_time, end_time, is_available) VALUES (2, '2025-06-05', '13:00:00', '14:00:00', 1);
INSERT INTO schedules (doctor_id, date, start_time, end_time, is_available) VALUES (2, '2025-06-05', '14:00:00', '15:00:00', 1);
INSERT INTO schedules (doctor_id, date, start_time, end_time, is_available) VALUES (2, '2025-06-05', '15:00:00', '16:00:00', 1);
INSERT INTO schedules (doctor_id, date, start_time, end_time, is_available) VALUES (2, '2025-06-06', '13:00:00', '14:00:00', 1);
INSERT INTO schedules (doctor_id, date, start_time, end_time, is_available) VALUES (2, '2025-06-06', '14:00:00', '15:00:00', 1);
INSERT INTO schedules (doctor_id, date, start_time, end_time, is_available) VALUES (2, '2025-06-06', '15:00:00', '16:00:00', 1);
INSERT INTO schedules (doctor_id, date, start_time, end_time, is_available) VALUES (2, '2025-06-07', '13:00:00', '14:00:00', 1);
INSERT INTO schedules (doctor_id, date, start_time, end_time, is_available) VALUES (2, '2025-06-07', '14:00:00', '15:00:00', 1);
INSERT INTO schedules (doctor_id, date, start_time, end_time, is_available) VALUES (2, '2025-06-07', '15:00:00', '16:00:00', 1);
INSERT INTO schedules (doctor_id, date, start_time, end_time, is_available) VALUES (2, '2025-06-08', '13:00:00', '14:00:00', 1);
INSERT INTO schedules (doctor_id, date, start_time, end_time, is_available) VALUES (2, '2025-06-08', '14:00:00', '15:00:00', 1);
INSERT INTO schedules (doctor_id, date, start_time, end_time, is_available) VALUES (2, '2025-06-08', '15:00:00', '16:00:00', 1);
INSERT INTO schedules (doctor_id, date, start_time, end_time, is_available) VALUES (2, '2025-06-09', '13:00:00', '14:00:00', 1);
INSERT INTO schedules (doctor_id, date, start_time, end_time, is_available) VALUES (2, '2025-06-09', '14:00:00', '15:00:00', 1);
INSERT INTO schedules (doctor_id, date, start_time, end_time, is_available) VALUES (2, '2025-06-09', '15:00:00', '16:00:00', 1);
INSERT INTO schedules (doctor_id, date, start_time, end_time, is_available) VALUES (2, '2025-06-10', '13:00:00', '14:00:00', 1);
INSERT INTO schedules (doctor_id, date, start_time, end_time, is_available) VALUES (2, '2025-06-10', '14:00:00', '15:00:00', 1);
INSERT INTO schedules (doctor_id, date, start_time, end_time, is_available) VALUES (2, '2025-06-10', '15:00:00', '16:00:00', 1);
INSERT INTO schedules (doctor_id, date, start_time, end_time, is_available) VALUES (2, '2025-06-11', '13:00:00', '14:00:00', 1);
INSERT INTO schedules (doctor_id, date, start_time, end_time, is_available) VALUES (2, '2025-06-11', '14:00:00', '15:00:00', 1);
INSERT INTO schedules (doctor_id, date, start_time, end_time, is_available) VALUES (2, '2025-06-11', '15:00:00', '16:00:00', 1);
INSERT INTO schedules (doctor_id, date, start_time, end_time, is_available) VALUES (2, '2025-06-12', '13:00:00', '14:00:00', 1);
INSERT INTO schedules (doctor_id, date, start_time, end_time, is_available) VALUES (2, '2025-06-12', '14:00:00', '15:00:00', 1);
INSERT INTO schedules (doctor_id, date, start_time, end_time, is_available) VALUES (2, '2025-06-12', '15:00:00', '16:00:00', 1);
INSERT INTO schedules (doctor_id, date, start_time, end_time, is_available) VALUES (2, '2025-06-13', '13:00:00', '14:00:00', 1);
INSERT INTO schedules (doctor_id, date, start_time, end_time, is_available) VALUES (2, '2025-06-13', '14:00:00', '15:00:00', 1);
INSERT INTO schedules (doctor_id, date, start_time, end_time, is_available) VALUES (2, '2025-06-13', '15:00:00', '16:00:00', 1);
INSERT INTO schedules (doctor_id, date, start_time, end_time, is_available) VALUES (2, '2025-06-14', '13:00:00', '14:00:00', 1);
INSERT INTO schedules (doctor_id, date, start_time, end_time, is_available) VALUES (2, '2025-06-14', '14:00:00', '15:00:00', 1);
INSERT INTO schedules (doctor_id, date, start_time, end_time, is_available) VALUES (2, '2025-06-14', '15:00:00', '16:00:00', 1);
INSERT INTO schedules (doctor_id, date, start_time, end_time, is_available) VALUES (2, '2025-06-15', '13:00:00', '14:00:00', 1);
INSERT INTO schedules (doctor_id, date, start_time, end_time, is_available) VALUES (2, '2025-06-15', '14:00:00', '15:00:00', 1);
INSERT INTO schedules (doctor_id, date, start_time, end_time, is_available) VALUES (2, '2025-06-15', '15:00:00', '16:00:00', 1);
INSERT INTO schedules (doctor_id, date, start_time, end_time, is_available) VALUES (2, '2025-06-16', '13:00:00', '14:00:00', 1);
INSERT INTO schedules (doctor_id, date, start_time, end_time, is_available) VALUES (2, '2025-06-16', '14:00:00', '15:00:00', 1);
INSERT INTO schedules (doctor_id, date, start_time, end_time, is_available) VALUES (2, '2025-06-16', '15:00:00', '16:00:00', 1);
INSERT INTO schedules (doctor_id, date, start_time, end_time, is_available) VALUES (2, '2025-06-17', '13:00:00', '14:00:00', 1);
INSERT INTO schedules (doctor_id, date, start_time, end_time, is_available) VALUES (2, '2025-06-17', '14:00:00', '15:00:00', 1);
INSERT INTO schedules (doctor_id, date, start_time, end_time, is_available) VALUES (2, '2025-06-17', '15:00:00', '16:00:00', 1);
INSERT INTO schedules (doctor_id, date, start_time, end_time, is_available) VALUES (2, '2025-06-18', '13:00:00', '14:00:00', 1);
INSERT INTO schedules (doctor_id, date, start_time, end_time, is_available) VALUES (2, '2025-06-18', '14:00:00', '15:00:00', 1);
INSERT INTO schedules (doctor_id, date, start_time, end_time, is_available) VALUES (2, '2025-06-18', '15:00:00', '16:00:00', 1);
INSERT INTO schedules (doctor_id, date, start_time, end_time, is_available) VALUES (2, '2025-06-19', '13:00:00', '14:00:00', 1);
INSERT INTO schedules (doctor_id, date, start_time, end_time, is_available) VALUES (2, '2025-06-19', '14:00:00', '15:00:00', 1);
INSERT INTO schedules (doctor_id, date, start_time, end_time, is_available) VALUES (2, '2025-06-19', '15:00:00', '16:00:00', 1);
INSERT INTO schedules (doctor_id, date, start_time, end_time, is_available) VALUES (2, '2025-06-20', '13:00:00', '14:00:00', 1);
INSERT INTO schedules (doctor_id, date, start_time, end_time, is_available) VALUES (2, '2025-06-20', '14:00:00', '15:00:00', 1);
INSERT INTO schedules (doctor_id, date, start_time, end_time, is_available) VALUES (2, '2025-06-20', '15:00:00', '16:00:00', 1);
INSERT INTO schedules (doctor_id, date, start_time, end_time, is_available) VALUES (2, '2025-06-21', '13:00:00', '14:00:00', 1);
INSERT INTO schedules (doctor_id, date, start_time, end_time, is_available) VALUES (2, '2025-06-21', '14:00:00', '15:00:00', 1);
INSERT INTO schedules (doctor_id, date, start_time, end_time, is_available) VALUES (2, '2025-06-21', '15:00:00', '16:00:00', 1);
INSERT INTO schedules (doctor_id, date, start_time, end_time, is_available) VALUES (2, '2025-06-22', '13:00:00', '14:00:00', 1);
INSERT INTO schedules (doctor_id, date, start_time, end_time, is_available) VALUES (2, '2025-06-22', '14:00:00', '15:00:00', 1);
INSERT INTO schedules (doctor_id, date, start_time, end_time, is_available) VALUES (2, '2025-06-22', '15:00:00', '16:00:00', 1);
INSERT INTO schedules (doctor_id, date, start_time, end_time, is_available) VALUES (2, '2025-06-23', '13:00:00', '14:00:00', 1);
INSERT INTO schedules (doctor_id, date, start_time, end_time, is_available) VALUES (2, '2025-06-23', '14:00:00', '15:00:00', 1);
INSERT INTO schedules (doctor_id, date, start_time, end_time, is_available) VALUES (2, '2025-06-23', '15:00:00', '16:00:00', 1);
INSERT INTO schedules (doctor_id, date, start_time, end_time, is_available) VALUES (2, '2025-06-24', '13:00:00', '14:00:00', 1);
INSERT INTO schedules (doctor_id, date, start_time, end_time, is_available) VALUES (2, '2025-06-24', '14:00:00', '15:00:00', 1);
INSERT INTO schedules (doctor_id, date, start_time, end_time, is_available) VALUES (2, '2025-06-24', '15:00:00', '16:00:00', 1);
INSERT INTO schedules (doctor_id, date, start_time, end_time, is_available) VALUES (2, '2025-06-25', '13:00:00', '14:00:00', 1);
INSERT INTO schedules (doctor_id, date, start_time, end_time, is_available) VALUES (2, '2025-06-25', '14:00:00', '15:00:00', 1);
INSERT INTO schedules (doctor_id, date, start_time, end_time, is_available) VALUES (2, '2025-06-25', '15:00:00', '16:00:00', 1);
INSERT INTO schedules (doctor_id, date, start_time, end_time, is_available) VALUES (2, '2025-06-26', '13:00:00', '14:00:00', 1);
INSERT INTO schedules (doctor_id, date, start_time, end_time, is_available) VALUES (2, '2025-06-26', '14:00:00', '15:00:00', 1);
INSERT INTO schedules (doctor_id, date, start_time, end_time, is_available) VALUES (2, '2025-06-26', '15:00:00', '16:00:00', 1);
INSERT INTO schedules (doctor_id, date, start_time, end_time, is_available) VALUES (2, '2025-06-27', '13:00:00', '14:00:00', 1);
INSERT INTO schedules (doctor_id, date, start_time, end_time, is_available) VALUES (2, '2025-06-27', '14:00:00', '15:00:00', 1);
INSERT INTO schedules (doctor_id, date, start_time, end_time, is_available) VALUES (2, '2025-06-27', '15:00:00', '16:00:00', 1);
INSERT INTO schedules (doctor_id, date, start_time, end_time, is_available) VALUES (2, '2025-06-28', '13:00:00', '14:00:00', 1);
INSERT INTO schedules (doctor_id, date, start_time, end_time, is_available) VALUES (2, '2025-06-28', '14:00:00', '15:00:00', 1);
INSERT INTO schedules (doctor_id, date, start_time, end_time, is_available) VALUES (2, '2025-06-28', '15:00:00', '16:00:00', 1);
INSERT INTO schedules (doctor_id, date, start_time, end_time, is_available) VALUES (2, '2025-06-29', '13:00:00', '14:00:00', 1);
INSERT INTO schedules (doctor_id, date, start_time, end_time, is_available) VALUES (2, '2025-06-29', '14:00:00', '15:00:00', 1);
INSERT INTO schedules (doctor_id, date, start_time, end_time, is_available) VALUES (2, '2025-06-29', '15:00:00', '16:00:00', 1);
INSERT INTO schedules (doctor_id, date, start_time, end_time, is_available) VALUES (2, '2025-06-30', '13:00:00', '14:00:00', 1);
INSERT INTO schedules (doctor_id, date, start_time, end_time, is_available) VALUES (2, '2025-06-30', '14:00:00', '15:00:00', 1);
INSERT INTO schedules (doctor_id, date, start_time, end_time, is_available) VALUES (2, '2025-06-30', '15:00:00', '16:00:00', 1);
INSERT INTO schedules (doctor_id, date, start_time, end_time, is_available) VALUES (3, '2025-06-01', '16:00:00', '17:00:00', 1);
INSERT INTO schedules (doctor_id, date, start_time, end_time, is_available) VALUES (3, '2025-06-01', '17:00:00', '18:00:00', 1);
INSERT INTO schedules (doctor_id, date, start_time, end_time, is_available) VALUES (3, '2025-06-02', '16:00:00', '17:00:00', 1);
INSERT INTO schedules (doctor_id, date, start_time, end_time, is_available) VALUES (3, '2025-06-02', '17:00:00', '18:00:00', 1);
INSERT INTO schedules (doctor_id, date, start_time, end_time, is_available) VALUES (3, '2025-06-03', '16:00:00', '17:00:00', 1);
INSERT INTO schedules (doctor_id, date, start_time, end_time, is_available) VALUES (3, '2025-06-03', '17:00:00', '18:00:00', 1);
INSERT INTO schedules (doctor_id, date, start_time, end_time, is_available) VALUES (3, '2025-06-04', '16:00:00', '17:00:00', 1);
INSERT INTO schedules (doctor_id, date, start_time, end_time, is_available) VALUES (3, '2025-06-04', '17:00:00', '18:00:00', 1);
INSERT INTO schedules (doctor_id, date, start_time, end_time, is_available) VALUES (3, '2025-06-05', '16:00:00', '17:00:00', 1);
INSERT INTO schedules (doctor_id, date, start_time, end_time, is_available) VALUES (3, '2025-06-05', '17:00:00', '18:00:00', 1);
INSERT INTO schedules (doctor_id, date, start_time, end_time, is_available) VALUES (3, '2025-06-06', '16:00:00', '17:00:00', 1);
INSERT INTO schedules (doctor_id, date, start_time, end_time, is_available) VALUES (3, '2025-06-06', '17:00:00', '18:00:00', 1);
INSERT INTO schedules (doctor_id, date, start_time, end_time, is_available) VALUES (3, '2025-06-07', '16:00:00', '17:00:00', 1);
INSERT INTO schedules (doctor_id, date, start_time, end_time, is_available) VALUES (3, '2025-06-07', '17:00:00', '18:00:00', 1);
INSERT INTO schedules (doctor_id, date, start_time, end_time, is_available) VALUES (3, '2025-06-08', '16:00:00', '17:00:00', 1);
INSERT INTO schedules (doctor_id, date, start_time, end_time, is_available) VALUES (3, '2025-06-08', '17:00:00', '18:00:00', 1);
INSERT INTO schedules (doctor_id, date, start_time, end_time, is_available) VALUES (3, '2025-06-09', '16:00:00', '17:00:00', 1);
INSERT INTO schedules (doctor_id, date, start_time, end_time, is_available) VALUES (3, '2025-06-09', '17:00:00', '18:00:00', 1);
INSERT INTO schedules (doctor_id, date, start_time, end_time, is_available) VALUES (3, '2025-06-10', '16:00:00', '17:00:00', 1);
INSERT INTO schedules (doctor_id, date, start_time, end_time, is_available) VALUES (3, '2025-06-10', '17:00:00', '18:00:00', 1);
INSERT INTO schedules (doctor_id, date, start_time, end_time, is_available) VALUES (3, '2025-06-11', '16:00:00', '17:00:00', 1);
INSERT INTO schedules (doctor_id, date, start_time, end_time, is_available) VALUES (3, '2025-06-11', '17:00:00', '18:00:00', 1);
INSERT INTO schedules (doctor_id, date, start_time, end_time, is_available) VALUES (3, '2025-06-12', '16:00:00', '17:00:00', 1);
INSERT INTO schedules (doctor_id, date, start_time, end_time, is_available) VALUES (3, '2025-06-12', '17:00:00', '18:00:00', 1);
INSERT INTO schedules (doctor_id, date, start_time, end_time, is_available) VALUES (3, '2025-06-13', '16:00:00', '17:00:00', 1);
INSERT INTO schedules (doctor_id, date, start_time, end_time, is_available) VALUES (3, '2025-06-13', '17:00:00', '18:00:00', 1);
INSERT INTO schedules (doctor_id, date, start_time, end_time, is_available) VALUES (3, '2025-06-14', '16:00:00', '17:00:00', 1);
INSERT INTO schedules (doctor_id, date, start_time, end_time, is_available) VALUES (3, '2025-06-14', '17:00:00', '18:00:00', 1);
INSERT INTO schedules (doctor_id, date, start_time, end_time, is_available) VALUES (3, '2025-06-15', '16:00:00', '17:00:00', 1);
INSERT INTO schedules (doctor_id, date, start_time, end_time, is_available) VALUES (3, '2025-06-15', '17:00:00', '18:00:00', 1);
INSERT INTO schedules (doctor_id, date, start_time, end_time, is_available) VALUES (3, '2025-06-16', '16:00:00', '17:00:00', 1);
INSERT INTO schedules (doctor_id, date, start_time, end_time, is_available) VALUES (3, '2025-06-16', '17:00:00', '18:00:00', 1);
INSERT INTO schedules (doctor_id, date, start_time, end_time, is_available) VALUES (3, '2025-06-17', '16:00:00', '17:00:00', 1);
INSERT INTO schedules (doctor_id, date, start_time, end_time, is_available) VALUES (3, '2025-06-17', '17:00:00', '18:00:00', 1);
INSERT INTO schedules (doctor_id, date, start_time, end_time, is_available) VALUES (3, '2025-06-18', '16:00:00', '17:00:00', 1);
INSERT INTO schedules (doctor_id, date, start_time, end_time, is_available) VALUES (3, '2025-06-18', '17:00:00', '18:00:00', 1);
INSERT INTO schedules (doctor_id, date, start_time, end_time, is_available) VALUES (3, '2025-06-19', '16:00:00', '17:00:00', 1);
INSERT INTO schedules (doctor_id, date, start_time, end_time, is_available) VALUES (3, '2025-06-19', '17:00:00', '18:00:00', 1);
INSERT INTO schedules (doctor_id, date, start_time, end_time, is_available) VALUES (3, '2025-06-20', '16:00:00', '17:00:00', 1);
INSERT INTO schedules (doctor_id, date, start_time, end_time, is_available) VALUES (3, '2025-06-20', '17:00:00', '18:00:00', 1);
INSERT INTO schedules (doctor_id, date, start_time, end_time, is_available) VALUES (3, '2025-06-21', '16:00:00', '17:00:00', 1);
INSERT INTO schedules (doctor_id, date, start_time, end_time, is_available) VALUES (3, '2025-06-21', '17:00:00', '18:00:00', 1);
INSERT INTO schedules (doctor_id, date, start_time, end_time, is_available) VALUES (3, '2025-06-22', '16:00:00', '17:00:00', 1);
INSERT INTO schedules (doctor_id, date, start_time, end_time, is_available) VALUES (3, '2025-06-22', '17:00:00', '18:00:00', 1);
INSERT INTO schedules (doctor_id, date, start_time, end_time, is_available) VALUES (3, '2025-06-23', '16:00:00', '17:00:00', 1);
INSERT INTO schedules (doctor_id, date, start_time, end_time, is_available) VALUES (3, '2025-06-23', '17:00:00', '18:00:00', 1);
INSERT INTO schedules (doctor_id, date, start_time, end_time, is_available) VALUES (3, '2025-06-24', '16:00:00', '17:00:00', 1);
INSERT INTO schedules (doctor_id, date, start_time, end_time, is_available) VALUES (3, '2025-06-24', '17:00:00', '18:00:00', 1);
INSERT INTO schedules (doctor_id, date, start_time, end_time, is_available) VALUES (3, '2025-06-25', '16:00:00', '17:00:00', 1);
INSERT INTO schedules (doctor_id, date, start_time, end_time, is_available) VALUES (3, '2025-06-25', '17:00:00', '18:00:00', 1);
INSERT INTO schedules (doctor_id, date, start_time, end_time, is_available) VALUES (3, '2025-06-26', '16:00:00', '17:00:00', 1);
INSERT INTO schedules (doctor_id, date, start_time, end_time, is_available) VALUES (3, '2025-06-26', '17:00:00', '18:00:00', 1);
INSERT INTO schedules (doctor_id, date, start_time, end_time, is_available) VALUES (3, '2025-06-27', '16:00:00', '17:00:00', 1);
INSERT INTO schedules (doctor_id, date, start_time, end_time, is_available) VALUES (3, '2025-06-27', '17:00:00', '18:00:00', 1);
INSERT INTO schedules (doctor_id, date, start_time, end_time, is_available) VALUES (3, '2025-06-28', '16:00:00', '17:00:00', 1);
INSERT INTO schedules (doctor_id, date, start_time, end_time, is_available) VALUES (3, '2025-06-28', '17:00:00', '18:00:00', 1);
INSERT INTO schedules (doctor_id, date, start_time, end_time, is_available) VALUES (3, '2025-06-29', '16:00:00', '17:00:00', 1);
INSERT INTO schedules (doctor_id, date, start_time, end_time, is_available) VALUES (3, '2025-06-29', '17:00:00', '18:00:00', 1);
INSERT INTO schedules (doctor_id, date, start_time, end_time, is_available) VALUES (3, '2025-06-30', '16:00:00', '17:00:00', 1);
INSERT INTO schedules (doctor_id, date, start_time, end_time, is_available) VALUES (3, '2025-06-30', '17:00:00', '18:00:00', 1);
INSERT INTO schedules (doctor_id, date, start_time, end_time, is_available) VALUES (4, '2025-06-01', '09:00:00', '10:00:00', 1);
INSERT INTO schedules (doctor_id, date, start_time, end_time, is_available) VALUES (4, '2025-06-01', '10:00:00', '11:00:00', 1);
INSERT INTO schedules (doctor_id, date, start_time, end_time, is_available) VALUES (4, '2025-06-01', '11:00:00', '12:00:00', 1);
INSERT INTO schedules (doctor_id, date, start_time, end_time, is_available) VALUES (4, '2025-06-02', '09:00:00', '10:00:00', 1);
INSERT INTO schedules (doctor_id, date, start_time, end_time, is_available) VALUES (4, '2025-06-02', '10:00:00', '11:00:00', 1);
INSERT INTO schedules (doctor_id, date, start_time, end_time, is_available) VALUES (4, '2025-06-02', '11:00:00', '12:00:00', 1);
INSERT INTO schedules (doctor_id, date, start_time, end_time, is_available) VALUES (4, '2025-06-03', '09:00:00', '10:00:00', 1);
INSERT INTO schedules (doctor_id, date, start_time, end_time, is_available) VALUES (4, '2025-06-03', '10:00:00', '11:00:00', 1);
INSERT INTO schedules (doctor_id, date, start_time, end_time, is_available) VALUES (4, '2025-06-03', '11:00:00', '12:00:00', 1);
INSERT INTO schedules (doctor_id, date, start_time, end_time, is_available) VALUES (4, '2025-06-04', '09:00:00', '10:00:00', 1);
INSERT INTO schedules (doctor_id, date, start_time, end_time, is_available) VALUES (4, '2025-06-04', '10:00:00', '11:00:00', 1);
INSERT INTO schedules (doctor_id, date, start_time, end_time, is_available) VALUES (4, '2025-06-04', '11:00:00', '12:00:00', 1);
INSERT INTO schedules (doctor_id, date, start_time, end_time, is_available) VALUES (4, '2025-06-05', '09:00:00', '10:00:00', 1);
INSERT INTO schedules (doctor_id, date, start_time, end_time, is_available) VALUES (4, '2025-06-05', '10:00:00', '11:00:00', 1);
INSERT INTO schedules (doctor_id, date, start_time, end_time, is_available) VALUES (4, '2025-06-05', '11:00:00', '12:00:00', 1);
INSERT INTO schedules (doctor_id, date, start_time, end_time, is_available) VALUES (4, '2025-06-06', '09:00:00', '10:00:00', 1);
INSERT INTO schedules (doctor_id, date, start_time, end_time, is_available) VALUES (4, '2025-06-06', '10:00:00', '11:00:00', 1);
INSERT INTO schedules (doctor_id, date, start_time, end_time, is_available) VALUES (4, '2025-06-06', '11:00:00', '12:00:00', 1);
INSERT INTO schedules (doctor_id, date, start_time, end_time, is_available) VALUES (4, '2025-06-07', '09:00:00', '10:00:00', 1);
INSERT INTO schedules (doctor_id, date, start_time, end_time, is_available) VALUES (4, '2025-06-07', '10:00:00', '11:00:00', 1);
INSERT INTO schedules (doctor_id, date, start_time, end_time, is_available) VALUES (4, '2025-06-07', '11:00:00', '12:00:00', 1);
INSERT INTO schedules (doctor_id, date, start_time, end_time, is_available) VALUES (4, '2025-06-08', '09:00:00', '10:00:00', 1);
INSERT INTO schedules (doctor_id, date, start_time, end_time, is_available) VALUES (4, '2025-06-08', '10:00:00', '11:00:00', 1);
INSERT INTO schedules (doctor_id, date, start_time, end_time, is_available) VALUES (4, '2025-06-08', '11:00:00', '12:00:00', 1);
INSERT INTO schedules (doctor_id, date, start_time, end_time, is_available) VALUES (4, '2025-06-09', '09:00:00', '10:00:00', 1);
INSERT INTO schedules (doctor_id, date, start_time, end_time, is_available) VALUES (4, '2025-06-09', '10:00:00', '11:00:00', 1);
INSERT INTO schedules (doctor_id, date, start_time, end_time, is_available) VALUES (4, '2025-06-09', '11:00:00', '12:00:00', 1);
INSERT INTO schedules (doctor_id, date, start_time, end_time, is_available) VALUES (4, '2025-06-10', '09:00:00', '10:00:00', 1);
INSERT INTO schedules (doctor_id, date, start_time, end_time, is_available) VALUES (4, '2025-06-10', '10:00:00', '11:00:00', 1);
INSERT INTO schedules (doctor_id, date, start_time, end_time, is_available) VALUES (4, '2025-06-10', '11:00:00', '12:00:00', 1);
INSERT INTO schedules (doctor_id, date, start_time, end_time, is_available) VALUES (4, '2025-06-11', '09:00:00', '10:00:00', 1);
INSERT INTO schedules (doctor_id, date, start_time, end_time, is_available) VALUES (4, '2025-06-11', '10:00:00', '11:00:00', 1);
INSERT INTO schedules (doctor_id, date, start_time, end_time, is_available) VALUES (4, '2025-06-11', '11:00:00', '12:00:00', 1);
INSERT INTO schedules (doctor_id, date, start_time, end_time, is_available) VALUES (4, '2025-06-12', '09:00:00', '10:00:00', 1);
INSERT INTO schedules (doctor_id, date, start_time, end_time, is_available) VALUES (4, '2025-06-12', '10:00:00', '11:00:00', 1);
INSERT INTO schedules (doctor_id, date, start_time, end_time, is_available) VALUES (4, '2025-06-12', '11:00:00', '12:00:00', 1);
INSERT INTO schedules (doctor_id, date, start_time, end_time, is_available) VALUES (4, '2025-06-13', '09:00:00', '10:00:00', 1);
INSERT INTO schedules (doctor_id, date, start_time, end_time, is_available) VALUES (4, '2025-06-13', '10:00:00', '11:00:00', 1);
INSERT INTO schedules (doctor_id, date, start_time, end_time, is_available) VALUES (4, '2025-06-13', '11:00:00', '12:00:00', 1);
INSERT INTO schedules (doctor_id, date, start_time, end_time, is_available) VALUES (4, '2025-06-14', '09:00:00', '10:00:00', 1);
INSERT INTO schedules (doctor_id, date, start_time, end_time, is_available) VALUES (4, '2025-06-14', '10:00:00', '11:00:00', 1);
INSERT INTO schedules (doctor_id, date, start_time, end_time, is_available) VALUES (4, '2025-06-14', '11:00:00', '12:00:00', 1);
INSERT INTO schedules (doctor_id, date, start_time, end_time, is_available) VALUES (4, '2025-06-15', '09:00:00', '10:00:00', 1);
INSERT INTO schedules (doctor_id, date, start_time, end_time, is_available) VALUES (4, '2025-06-15', '10:00:00', '11:00:00', 1);
INSERT INTO schedules (doctor_id, date, start_time, end_time, is_available) VALUES (4, '2025-06-15', '11:00:00', '12:00:00', 1);
INSERT INTO schedules (doctor_id, date, start_time, end_time, is_available) VALUES (4, '2025-06-16', '09:00:00', '10:00:00', 1);
INSERT INTO schedules (doctor_id, date, start_time, end_time, is_available) VALUES (4, '2025-06-16', '10:00:00', '11:00:00', 1);
INSERT INTO schedules (doctor_id, date, start_time, end_time, is_available) VALUES (4, '2025-06-16', '11:00:00', '12:00:00', 1);
INSERT INTO schedules (doctor_id, date, start_time, end_time, is_available) VALUES (4, '2025-06-17', '09:00:00', '10:00:00', 1);
INSERT INTO schedules (doctor_id, date, start_time, end_time, is_available) VALUES (4, '2025-06-17', '10:00:00', '11:00:00', 1);
INSERT INTO schedules (doctor_id, date, start_time, end_time, is_available) VALUES (4, '2025-06-17', '11:00:00', '12:00:00', 1);
INSERT INTO schedules (doctor_id, date, start_time, end_time, is_available) VALUES (4, '2025-06-18', '09:00:00', '10:00:00', 1);
INSERT INTO schedules (doctor_id, date, start_time, end_time, is_available) VALUES (4, '2025-06-18', '10:00:00', '11:00:00', 1);
INSERT INTO schedules (doctor_id, date, start_time, end_time, is_available) VALUES (4, '2025-06-18', '11:00:00', '12:00:00', 1);
INSERT INTO schedules (doctor_id, date, start_time, end_time, is_available) VALUES (4, '2025-06-19', '09:00:00', '10:00:00', 1);
INSERT INTO schedules (doctor_id, date, start_time, end_time, is_available) VALUES (4, '2025-06-19', '10:00:00', '11:00:00', 1);
INSERT INTO schedules (doctor_id, date, start_time, end_time, is_available) VALUES (4, '2025-06-19', '11:00:00', '12:00:00', 1);
INSERT INTO schedules (doctor_id, date, start_time, end_time, is_available) VALUES (4, '2025-06-20', '09:00:00', '10:00:00', 1);
INSERT INTO schedules (doctor_id, date, start_time, end_time, is_available) VALUES (4, '2025-06-20', '10:00:00', '11:00:00', 1);
INSERT INTO schedules (doctor_id, date, start_time, end_time, is_available) VALUES (4, '2025-06-20', '11:00:00', '12:00:00', 1);
INSERT INTO schedules (doctor_id, date, start_time, end_time, is_available) VALUES (4, '2025-06-21', '09:00:00', '10:00:00', 1);
INSERT INTO schedules (doctor_id, date, start_time, end_time, is_available) VALUES (4, '2025-06-21', '10:00:00', '11:00:00', 1);
INSERT INTO schedules (doctor_id, date, start_time, end_time, is_available) VALUES (4, '2025-06-21', '11:00:00', '12:00:00', 1);
INSERT INTO schedules (doctor_id, date, start_time, end_time, is_available) VALUES (4, '2025-06-22', '09:00:00', '10:00:00', 1);
INSERT INTO schedules (doctor_id, date, start_time, end_time, is_available) VALUES (4, '2025-06-22', '10:00:00', '11:00:00', 1);
INSERT INTO schedules (doctor_id, date, start_time, end_time, is_available) VALUES (4, '2025-06-22', '11:00:00', '12:00:00', 1);
INSERT INTO schedules (doctor_id, date, start_time, end_time, is_available) VALUES (4, '2025-06-23', '09:00:00', '10:00:00', 1);
INSERT INTO schedules (doctor_id, date, start_time, end_time, is_available) VALUES (4, '2025-06-23', '10:00:00', '11:00:00', 1);
INSERT INTO schedules (doctor_id, date, start_time, end_time, is_available) VALUES (4, '2025-06-23', '11:00:00', '12:00:00', 1);
INSERT INTO schedules (doctor_id, date, start_time, end_time, is_available) VALUES (4, '2025-06-24', '09:00:00', '10:00:00', 1);
INSERT INTO schedules (doctor_id, date, start_time, end_time, is_available) VALUES (4, '2025-06-24', '10:00:00', '11:00:00', 1);
INSERT INTO schedules (doctor_id, date, start_time, end_time, is_available) VALUES (4, '2025-06-24', '11:00:00', '12:00:00', 1);
INSERT INTO schedules (doctor_id, date, start_time, end_time, is_available) VALUES (4, '2025-06-25', '09:00:00', '10:00:00', 1);
INSERT INTO schedules (doctor_id, date, start_time, end_time, is_available) VALUES (4, '2025-06-25', '10:00:00', '11:00:00', 1);
INSERT INTO schedules (doctor_id, date, start_time, end_time, is_available) VALUES (4, '2025-06-25', '11:00:00', '12:00:00', 1);
INSERT INTO schedules (doctor_id, date, start_time, end_time, is_available) VALUES (4, '2025-06-26', '09:00:00', '10:00:00', 1);
INSERT INTO schedules (doctor_id, date, start_time, end_time, is_available) VALUES (4, '2025-06-26', '10:00:00', '11:00:00', 1);
INSERT INTO schedules (doctor_id, date, start_time, end_time, is_available) VALUES (4, '2025-06-26', '11:00:00', '12:00:00', 1);
INSERT INTO schedules (doctor_id, date, start_time, end_time, is_available) VALUES (4, '2025-06-27', '09:00:00', '10:00:00', 1);
INSERT INTO schedules (doctor_id, date, start_time, end_time, is_available) VALUES (4, '2025-06-27', '10:00:00', '11:00:00', 1);
INSERT INTO schedules (doctor_id, date, start_time, end_time, is_available) VALUES (4, '2025-06-27', '11:00:00', '12:00:00', 1);
INSERT INTO schedules (doctor_id, date, start_time, end_time, is_available) VALUES (4, '2025-06-28', '09:00:00', '10:00:00', 1);
INSERT INTO schedules (doctor_id, date, start_time, end_time, is_available) VALUES (4, '2025-06-28', '10:00:00', '11:00:00', 1);
INSERT INTO schedules (doctor_id, date, start_time, end_time, is_available) VALUES (4, '2025-06-28', '11:00:00', '12:00:00', 1);
INSERT INTO schedules (doctor_id, date, start_time, end_time, is_available) VALUES (4, '2025-06-29', '09:00:00', '10:00:00', 1);
INSERT INTO schedules (doctor_id, date, start_time, end_time, is_available) VALUES (4, '2025-06-29', '10:00:00', '11:00:00', 1);
INSERT INTO schedules (doctor_id, date, start_time, end_time, is_available) VALUES (4, '2025-06-29', '11:00:00', '12:00:00', 1);
INSERT INTO schedules (doctor_id, date, start_time, end_time, is_available) VALUES (4, '2025-06-30', '09:00:00', '10:00:00', 1);
INSERT INTO schedules (doctor_id, date, start_time, end_time, is_available) VALUES (4, '2025-06-30', '10:00:00', '11:00:00', 1);
INSERT INTO schedules (doctor_id, date, start_time, end_time, is_available) VALUES (4, '2025-06-30', '11:00:00', '12:00:00', 1);
INSERT INTO schedules (doctor_id, date, start_time, end_time, is_available) VALUES (5, '2025-06-01', '13:00:00', '14:00:00', 1);
INSERT INTO schedules (doctor_id, date, start_time, end_time, is_available) VALUES (5, '2025-06-01', '14:00:00', '15:00:00', 1);
INSERT INTO schedules (doctor_id, date, start_time, end_time, is_available) VALUES (5, '2025-06-01', '15:00:00', '16:00:00', 1);
INSERT INTO schedules (doctor_id, date, start_time, end_time, is_available) VALUES (5, '2025-06-02', '13:00:00', '14:00:00', 1);
INSERT INTO schedules (doctor_id, date, start_time, end_time, is_available) VALUES (5, '2025-06-02', '14:00:00', '15:00:00', 1);
INSERT INTO schedules (doctor_id, date, start_time, end_time, is_available) VALUES (5, '2025-06-02', '15:00:00', '16:00:00', 1);
INSERT INTO schedules (doctor_id, date, start_time, end_time, is_available) VALUES (5, '2025-06-03', '13:00:00', '14:00:00', 1);
INSERT INTO schedules (doctor_id, date, start_time, end_time, is_available) VALUES (5, '2025-06-03', '14:00:00', '15:00:00', 1);
INSERT INTO schedules (doctor_id, date, start_time, end_time, is_available) VALUES (5, '2025-06-03', '15:00:00', '16:00:00', 1);
INSERT INTO schedules (doctor_id, date, start_time, end_time, is_available) VALUES (5, '2025-06-04', '13:00:00', '14:00:00', 1);
INSERT INTO schedules (doctor_id, date, start_time, end_time, is_available) VALUES (5, '2025-06-04', '14:00:00', '15:00:00', 1);
INSERT INTO schedules (doctor_id, date, start_time, end_time, is_available) VALUES (5, '2025-06-04', '15:00:00', '16:00:00', 1);
INSERT INTO schedules (doctor_id, date, start_time, end_time, is_available) VALUES (5, '2025-06-05', '13:00:00', '14:00:00', 1);
INSERT INTO schedules (doctor_id, date, start_time, end_time, is_available) VALUES (5, '2025-06-05', '14:00:00', '15:00:00', 1);
INSERT INTO schedules (doctor_id, date, start_time, end_time, is_available) VALUES (5, '2025-06-05', '15:00:00', '16:00:00', 1);
INSERT INTO schedules (doctor_id, date, start_time, end_time, is_available) VALUES (5, '2025-06-06', '13:00:00', '14:00:00', 1);
INSERT INTO schedules (doctor_id, date, start_time, end_time, is_available) VALUES (5, '2025-06-06', '14:00:00', '15:00:00', 1);
INSERT INTO schedules (doctor_id, date, start_time, end_time, is_available) VALUES (5, '2025-06-06', '15:00:00', '16:00:00', 1);
INSERT INTO schedules (doctor_id, date, start_time, end_time, is_available) VALUES (5, '2025-06-07', '13:00:00', '14:00:00', 1);
INSERT INTO schedules (doctor_id, date, start_time, end_time, is_available) VALUES (5, '2025-06-07', '14:00:00', '15:00:00', 1);
INSERT INTO schedules (doctor_id, date, start_time, end_time, is_available) VALUES (5, '2025-06-07', '15:00:00', '16:00:00', 1);
INSERT INTO schedules (doctor_id, date, start_time, end_time, is_available) VALUES (5, '2025-06-08', '13:00:00', '14:00:00', 1);
INSERT INTO schedules (doctor_id, date, start_time, end_time, is_available) VALUES (5, '2025-06-08', '14:00:00', '15:00:00', 1);
INSERT INTO schedules (doctor_id, date, start_time, end_time, is_available) VALUES (5, '2025-06-08', '15:00:00', '16:00:00', 1);
INSERT INTO schedules (doctor_id, date, start_time, end_time, is_available) VALUES (5, '2025-06-09', '13:00:00', '14:00:00', 1);
INSERT INTO schedules (doctor_id, date, start_time, end_time, is_available) VALUES (5, '2025-06-09', '14:00:00', '15:00:00', 1);
INSERT INTO schedules (doctor_id, date, start_time, end_time, is_available) VALUES (5, '2025-06-09', '15:00:00', '16:00:00', 1);
INSERT INTO schedules (doctor_id, date, start_time, end_time, is_available) VALUES (5, '2025-06-10', '13:00:00', '14:00:00', 1);
INSERT INTO schedules (doctor_id, date, start_time, end_time, is_available) VALUES (5, '2025-06-10', '14:00:00', '15:00:00', 1);
INSERT INTO schedules (doctor_id, date, start_time, end_time, is_available) VALUES (5, '2025-06-10', '15:00:00', '16:00:00', 1);
INSERT INTO schedules (doctor_id, date, start_time, end_time, is_available) VALUES (5, '2025-06-11', '13:00:00', '14:00:00', 1);
INSERT INTO schedules (doctor_id, date, start_time, end_time, is_available) VALUES (5, '2025-06-11', '14:00:00', '15:00:00', 1);
INSERT INTO schedules (doctor_id, date, start_time, end_time, is_available) VALUES (5, '2025-06-11', '15:00:00', '16:00:00', 1);
INSERT INTO schedules (doctor_id, date, start_time, end_time, is_available) VALUES (5, '2025-06-12', '13:00:00', '14:00:00', 1);
INSERT INTO schedules (doctor_id, date, start_time, end_time, is_available) VALUES (5, '2025-06-12', '14:00:00', '15:00:00', 1);
INSERT INTO schedules (doctor_id, date, start_time, end_time, is_available) VALUES (5, '2025-06-12', '15:00:00', '16:00:00', 1);
INSERT INTO schedules (doctor_id, date, start_time, end_time, is_available) VALUES (5, '2025-06-13', '13:00:00', '14:00:00', 1);
INSERT INTO schedules (doctor_id, date, start_time, end_time, is_available) VALUES (5, '2025-06-13', '14:00:00', '15:00:00', 1);
INSERT INTO schedules (doctor_id, date, start_time, end_time, is_available) VALUES (5, '2025-06-13', '15:00:00', '16:00:00', 1);
INSERT INTO schedules (doctor_id, date, start_time, end_time, is_available) VALUES (5, '2025-06-14', '13:00:00', '14:00:00', 1);
INSERT INTO schedules (doctor_id, date, start_time, end_time, is_available) VALUES (5, '2025-06-14', '14:00:00', '15:00:00', 1);
INSERT INTO schedules (doctor_id, date, start_time, end_time, is_available) VALUES (5, '2025-06-14', '15:00:00', '16:00:00', 1);
INSERT INTO schedules (doctor_id, date, start_time, end_time, is_available) VALUES (5, '2025-06-15', '13:00:00', '14:00:00', 1);
INSERT INTO schedules (doctor_id, date, start_time, end_time, is_available) VALUES (5, '2025-06-15', '14:00:00', '15:00:00', 1);
INSERT INTO schedules (doctor_id, date, start_time, end_time, is_available) VALUES (5, '2025-06-15', '15:00:00', '16:00:00', 1);
INSERT INTO schedules (doctor_id, date, start_time, end_time, is_available) VALUES (5, '2025-06-16', '13:00:00', '14:00:00', 1);
INSERT INTO schedules (doctor_id, date, start_time, end_time, is_available) VALUES (5, '2025-06-16', '14:00:00', '15:00:00', 1);
INSERT INTO schedules (doctor_id, date, start_time, end_time, is_available) VALUES (5, '2025-06-16', '15:00:00', '16:00:00', 1);
INSERT INTO schedules (doctor_id, date, start_time, end_time, is_available) VALUES (5, '2025-06-17', '13:00:00', '14:00:00', 1);
INSERT INTO schedules (doctor_id, date, start_time, end_time, is_available) VALUES (5, '2025-06-17', '14:00:00', '15:00:00', 1);
INSERT INTO schedules (doctor_id, date, start_time, end_time, is_available) VALUES (5, '2025-06-17', '15:00:00', '16:00:00', 1);
INSERT INTO schedules (doctor_id, date, start_time, end_time, is_available) VALUES (5, '2025-06-18', '13:00:00', '14:00:00', 1);
INSERT INTO schedules (doctor_id, date, start_time, end_time, is_available) VALUES (5, '2025-06-18', '14:00:00', '15:00:00', 1);
INSERT INTO schedules (doctor_id, date, start_time, end_time, is_available) VALUES (5, '2025-06-18', '15:00:00', '16:00:00', 1);
INSERT INTO schedules (doctor_id, date, start_time, end_time, is_available) VALUES (5, '2025-06-19', '13:00:00', '14:00:00', 1);
INSERT INTO schedules (doctor_id, date, start_time, end_time, is_available) VALUES (5, '2025-06-19', '14:00:00', '15:00:00', 1);
INSERT INTO schedules (doctor_id, date, start_time, end_time, is_available) VALUES (5, '2025-06-19', '15:00:00', '16:00:00', 1);
INSERT INTO schedules (doctor_id, date, start_time, end_time, is_available) VALUES (5, '2025-06-20', '13:00:00', '14:00:00', 1);
INSERT INTO schedules (doctor_id, date, start_time, end_time, is_available) VALUES (5, '2025-06-20', '14:00:00', '15:00:00', 1);
INSERT INTO schedules (doctor_id, date, start_time, end_time, is_available) VALUES (5, '2025-06-20', '15:00:00', '16:00:00', 1);
INSERT INTO schedules (doctor_id, date, start_time, end_time, is_available) VALUES (5, '2025-06-21', '13:00:00', '14:00:00', 1);
INSERT INTO schedules (doctor_id, date, start_time, end_time, is_available) VALUES (5, '2025-06-21', '14:00:00', '15:00:00', 1);
INSERT INTO schedules (doctor_id, date, start_time, end_time, is_available) VALUES (5, '2025-06-21', '15:00:00', '16:00:00', 1);
INSERT INTO schedules (doctor_id, date, start_time, end_time, is_available) VALUES (5, '2025-06-22', '13:00:00', '14:00:00', 1);
INSERT INTO schedules (doctor_id, date, start_time, end_time, is_available) VALUES (5, '2025-06-22', '14:00:00', '15:00:00', 1);
INSERT INTO schedules (doctor_id, date, start_time, end_time, is_available) VALUES (5, '2025-06-22', '15:00:00', '16:00:00', 1);
INSERT INTO schedules (doctor_id, date, start_time, end_time, is_available) VALUES (5, '2025-06-23', '13:00:00', '14:00:00', 1);
INSERT INTO schedules (doctor_id, date, start_time, end_time, is_available) VALUES (5, '2025-06-23', '14:00:00', '15:00:00', 1);
INSERT INTO schedules (doctor_id, date, start_time, end_time, is_available) VALUES (5, '2025-06-23', '15:00:00', '16:00:00', 1);
INSERT INTO schedules (doctor_id, date, start_time, end_time, is_available) VALUES (5, '2025-06-24', '13:00:00', '14:00:00', 1);
INSERT INTO schedules (doctor_id, date, start_time, end_time, is_available) VALUES (5, '2025-06-24', '14:00:00', '15:00:00', 1);
INSERT INTO schedules (doctor_id, date, start_time, end_time, is_available) VALUES (5, '2025-06-24', '15:00:00', '16:00:00', 1);
INSERT INTO schedules (doctor_id, date, start_time, end_time, is_available) VALUES (5, '2025-06-25', '13:00:00', '14:00:00', 1);
INSERT INTO schedules (doctor_id, date, start_time, end_time, is_available) VALUES (5, '2025-06-25', '14:00:00', '15:00:00', 1);
INSERT INTO schedules (doctor_id, date, start_time, end_time, is_available) VALUES (5, '2025-06-25', '15:00:00', '16:00:00', 1);
INSERT INTO schedules (doctor_id, date, start_time, end_time, is_available) VALUES (5, '2025-06-26', '13:00:00', '14:00:00', 1);
INSERT INTO schedules (doctor_id, date, start_time, end_time, is_available) VALUES (5, '2025-06-26', '14:00:00', '15:00:00', 1);
INSERT INTO schedules (doctor_id, date, start_time, end_time, is_available) VALUES (5, '2025-06-26', '15:00:00', '16:00:00', 1);
INSERT INTO schedules (doctor_id, date, start_time, end_time, is_available) VALUES (5, '2025-06-27', '13:00:00', '14:00:00', 1);
INSERT INTO schedules (doctor_id, date, start_time, end_time, is_available) VALUES (5, '2025-06-27', '14:00:00', '15:00:00', 1);
INSERT INTO schedules (doctor_id, date, start_time, end_time, is_available) VALUES (5, '2025-06-27', '15:00:00', '16:00:00', 1);
INSERT INTO schedules (doctor_id, date, start_time, end_time, is_available) VALUES (5, '2025-06-28', '13:00:00', '14:00:00', 1);
INSERT INTO schedules (doctor_id, date, start_time, end_time, is_available) VALUES (5, '2025-06-28', '14:00:00', '15:00:00', 1);
INSERT INTO schedules (doctor_id, date, start_time, end_time, is_available) VALUES (5, '2025-06-28', '15:00:00', '16:00:00', 1);
INSERT INTO schedules (doctor_id, date, start_time, end_time, is_available) VALUES (5, '2025-06-29', '13:00:00', '14:00:00', 1);
INSERT INTO schedules (doctor_id, date, start_time, end_time, is_available) VALUES (5, '2025-06-29', '14:00:00', '15:00:00', 1);
INSERT INTO schedules (doctor_id, date, start_time, end_time, is_available) VALUES (5, '2025-06-29', '15:00:00', '16:00:00', 1);
INSERT INTO schedules (doctor_id, date, start_time, end_time, is_available) VALUES (5, '2025-06-30', '13:00:00', '14:00:00', 1);
INSERT INTO schedules (doctor_id, date, start_time, end_time, is_available) VALUES (5, '2025-06-30', '14:00:00', '15:00:00', 1);
INSERT INTO schedules (doctor_id, date, start_time, end_time, is_available) VALUES (5, '2025-06-30', '15:00:00', '16:00:00', 1);
INSERT INTO schedules (doctor_id, date, start_time, end_time, is_available) VALUES (6, '2025-06-01', '16:00:00', '17:00:00', 1);
INSERT INTO schedules (doctor_id, date, start_time, end_time, is_available) VALUES (6, '2025-06-01', '17:00:00', '18:00:00', 1);
INSERT INTO schedules (doctor_id, date, start_time, end_time, is_available) VALUES (6, '2025-06-02', '16:00:00', '17:00:00', 1);
INSERT INTO schedules (doctor_id, date, start_time, end_time, is_available) VALUES (6, '2025-06-02', '17:00:00', '18:00:00', 1);
INSERT INTO schedules (doctor_id, date, start_time, end_time, is_available) VALUES (6, '2025-06-03', '16:00:00', '17:00:00', 1);
INSERT INTO schedules (doctor_id, date, start_time, end_time, is_available) VALUES (6, '2025-06-03', '17:00:00', '18:00:00', 1);
INSERT INTO schedules (doctor_id, date, start_time, end_time, is_available) VALUES (6, '2025-06-04', '16:00:00', '17:00:00', 1);
INSERT INTO schedules (doctor_id, date, start_time, end_time, is_available) VALUES (6, '2025-06-04', '17:00:00', '18:00:00', 1);
INSERT INTO schedules (doctor_id, date, start_time, end_time, is_available) VALUES (6, '2025-06-05', '16:00:00', '17:00:00', 1);
INSERT INTO schedules (doctor_id, date, start_time, end_time, is_available) VALUES (6, '2025-06-05', '17:00:00', '18:00:00', 1);
INSERT INTO schedules (doctor_id, date, start_time, end_time, is_available) VALUES (6, '2025-06-06', '16:00:00', '17:00:00', 1);
INSERT INTO schedules (doctor_id, date, start_time, end_time, is_available) VALUES (6, '2025-06-06', '17:00:00', '18:00:00', 1);
INSERT INTO schedules (doctor_id, date, start_time, end_time, is_available) VALUES (6, '2025-06-07', '16:00:00', '17:00:00', 1);
INSERT INTO schedules (doctor_id, date, start_time, end_time, is_available) VALUES (6, '2025-06-07', '17:00:00', '18:00:00', 1);
INSERT INTO schedules (doctor_id, date, start_time, end_time, is_available) VALUES (6, '2025-06-08', '16:00:00', '17:00:00', 1);
INSERT INTO schedules (doctor_id, date, start_time, end_time, is_available) VALUES (6, '2025-06-08', '17:00:00', '18:00:00', 1);
INSERT INTO schedules (doctor_id, date, start_time, end_time, is_available) VALUES (6, '2025-06-09', '16:00:00', '17:00:00', 1);
INSERT INTO schedules (doctor_id, date, start_time, end_time, is_available) VALUES (6, '2025-06-09', '17:00:00', '18:00:00', 1);
INSERT INTO schedules (doctor_id, date, start_time, end_time, is_available) VALUES (6, '2025-06-10', '16:00:00', '17:00:00', 1);
INSERT INTO schedules (doctor_id, date, start_time, end_time, is_available) VALUES (6, '2025-06-10', '17:00:00', '18:00:00', 1);
INSERT INTO schedules (doctor_id, date, start_time, end_time, is_available) VALUES (6, '2025-06-11', '16:00:00', '17:00:00', 1);
INSERT INTO schedules (doctor_id, date, start_time, end_time, is_available) VALUES (6, '2025-06-11', '17:00:00', '18:00:00', 1);
INSERT INTO schedules (doctor_id, date, start_time, end_time, is_available) VALUES (6, '2025-06-12', '16:00:00', '17:00:00', 1);
INSERT INTO schedules (doctor_id, date, start_time, end_time, is_available) VALUES (6, '2025-06-12', '17:00:00', '18:00:00', 1);
INSERT INTO schedules (doctor_id, date, start_time, end_time, is_available) VALUES (6, '2025-06-13', '16:00:00', '17:00:00', 1);
INSERT INTO schedules (doctor_id, date, start_time, end_time, is_available) VALUES (6, '2025-06-13', '17:00:00', '18:00:00', 1);
INSERT INTO schedules (doctor_id, date, start_time, end_time, is_available) VALUES (6, '2025-06-14', '16:00:00', '17:00:00', 1);
INSERT INTO schedules (doctor_id, date, start_time, end_time, is_available) VALUES (6, '2025-06-14', '17:00:00', '18:00:00', 1);
INSERT INTO schedules (doctor_id, date, start_time, end_time, is_available) VALUES (6, '2025-06-15', '16:00:00', '17:00:00', 1);
INSERT INTO schedules (doctor_id, date, start_time, end_time, is_available) VALUES (6, '2025-06-15', '17:00:00', '18:00:00', 1);
INSERT INTO schedules (doctor_id, date, start_time, end_time, is_available) VALUES (6, '2025-06-16', '16:00:00', '17:00:00', 1);
INSERT INTO schedules (doctor_id, date, start_time, end_time, is_available) VALUES (6, '2025-06-16', '17:00:00', '18:00:00', 1);
INSERT INTO schedules (doctor_id, date, start_time, end_time, is_available) VALUES (6, '2025-06-17', '16:00:00', '17:00:00', 1);
INSERT INTO schedules (doctor_id, date, start_time, end_time, is_available) VALUES (6, '2025-06-17', '17:00:00', '18:00:00', 1);
INSERT INTO schedules (doctor_id, date, start_time, end_time, is_available) VALUES (6, '2025-06-18', '16:00:00', '17:00:00', 1);
INSERT INTO schedules (doctor_id, date, start_time, end_time, is_available) VALUES (6, '2025-06-18', '17:00:00', '18:00:00', 1);
INSERT INTO schedules (doctor_id, date, start_time, end_time, is_available) VALUES (6, '2025-06-19', '16:00:00', '17:00:00', 1);
INSERT INTO schedules (doctor_id, date, start_time, end_time, is_available) VALUES (6, '2025-06-19', '17:00:00', '18:00:00', 1);
INSERT INTO schedules (doctor_id, date, start_time, end_time, is_available) VALUES (6, '2025-06-20', '16:00:00', '17:00:00', 1);
INSERT INTO schedules (doctor_id, date, start_time, end_time, is_available) VALUES (6, '2025-06-20', '17:00:00', '18:00:00', 1);
INSERT INTO schedules (doctor_id, date, start_time, end_time, is_available) VALUES (6, '2025-06-21', '16:00:00', '17:00:00', 1);
INSERT INTO schedules (doctor_id, date, start_time, end_time, is_available) VALUES (6, '2025-06-21', '17:00:00', '18:00:00', 1);
INSERT INTO schedules (doctor_id, date, start_time, end_time, is_available) VALUES (6, '2025-06-22', '16:00:00', '17:00:00', 1);
INSERT INTO schedules (doctor_id, date, start_time, end_time, is_available) VALUES (6, '2025-06-22', '17:00:00', '18:00:00', 1);
INSERT INTO schedules (doctor_id, date, start_time, end_time, is_available) VALUES (6, '2025-06-23', '16:00:00', '17:00:00', 1);
INSERT INTO schedules (doctor_id, date, start_time, end_time, is_available) VALUES (6, '2025-06-23', '17:00:00', '18:00:00', 1);
INSERT INTO schedules (doctor_id, date, start_time, end_time, is_available) VALUES (6, '2025-06-24', '16:00:00', '17:00:00', 1);
INSERT INTO schedules (doctor_id, date, start_time, end_time, is_available) VALUES (6, '2025-06-24', '17:00:00', '18:00:00', 1);
INSERT INTO schedules (doctor_id, date, start_time, end_time, is_available) VALUES (6, '2025-06-25', '16:00:00', '17:00:00', 1);
INSERT INTO schedules (doctor_id, date, start_time, end_time, is_available) VALUES (6, '2025-06-25', '17:00:00', '18:00:00', 1);
INSERT INTO schedules (doctor_id, date, start_time, end_time, is_available) VALUES (6, '2025-06-26', '16:00:00', '17:00:00', 1);
INSERT INTO schedules (doctor_id, date, start_time, end_time, is_available) VALUES (6, '2025-06-26', '17:00:00', '18:00:00', 1);
INSERT INTO schedules (doctor_id, date, start_time, end_time, is_available) VALUES (6, '2025-06-27', '16:00:00', '17:00:00', 1);
INSERT INTO schedules (doctor_id, date, start_time, end_time, is_available) VALUES (6, '2025-06-27', '17:00:00', '18:00:00', 1);
INSERT INTO schedules (doctor_id, date, start_time, end_time, is_available) VALUES (6, '2025-06-28', '16:00:00', '17:00:00', 1);
INSERT INTO schedules (doctor_id, date, start_time, end_time, is_available) VALUES (6, '2025-06-28', '17:00:00', '18:00:00', 1);
INSERT INTO schedules (doctor_id, date, start_time, end_time, is_available) VALUES (6, '2025-06-29', '16:00:00', '17:00:00', 1);
INSERT INTO schedules (doctor_id, date, start_time, end_time, is_available) VALUES (6, '2025-06-29', '17:00:00', '18:00:00', 1);
INSERT INTO schedules (doctor_id, date, start_time, end_time, is_available) VALUES (6, '2025-06-30', '16:00:00', '17:00:00', 1);
INSERT INTO schedules (doctor_id, date, start_time, end_time, is_available) VALUES (6, '2025-06-30', '17:00:00', '18:00:00', 1);
INSERT INTO schedules (doctor_id, date, start_time, end_time, is_available) VALUES (7, '2025-06-01', '09:00:00', '10:00:00', 1);
INSERT INTO schedules (doctor_id, date, start_time, end_time, is_available) VALUES (7, '2025-06-01', '10:00:00', '11:00:00', 1);
INSERT INTO schedules (doctor_id, date, start_time, end_time, is_available) VALUES (7, '2025-06-01', '11:00:00', '12:00:00', 1);
INSERT INTO schedules (doctor_id, date, start_time, end_time, is_available) VALUES (7, '2025-06-02', '09:00:00', '10:00:00', 1);
INSERT INTO schedules (doctor_id, date, start_time, end_time, is_available) VALUES (7, '2025-06-02', '10:00:00', '11:00:00', 1);
INSERT INTO schedules (doctor_id, date, start_time, end_time, is_available) VALUES (7, '2025-06-02', '11:00:00', '12:00:00', 1);
INSERT INTO schedules (doctor_id, date, start_time, end_time, is_available) VALUES (7, '2025-06-03', '09:00:00', '10:00:00', 1);
INSERT INTO schedules (doctor_id, date, start_time, end_time, is_available) VALUES (7, '2025-06-03', '10:00:00', '11:00:00', 1);
INSERT INTO schedules (doctor_id, date, start_time, end_time, is_available) VALUES (7, '2025-06-03', '11:00:00', '12:00:00', 1);
INSERT INTO schedules (doctor_id, date, start_time, end_time, is_available) VALUES (7, '2025-06-04', '09:00:00', '10:00:00', 1);
INSERT INTO schedules (doctor_id, date, start_time, end_time, is_available) VALUES (7, '2025-06-04', '10:00:00', '11:00:00', 1);
INSERT INTO schedules (doctor_id, date, start_time, end_time, is_available) VALUES (7, '2025-06-04', '11:00:00', '12:00:00', 1);
INSERT INTO schedules (doctor_id, date, start_time, end_time, is_available) VALUES (7, '2025-06-05', '09:00:00', '10:00:00', 1);
INSERT INTO schedules (doctor_id, date, start_time, end_time, is_available) VALUES (7, '2025-06-05', '10:00:00', '11:00:00', 1);
INSERT INTO schedules (doctor_id, date, start_time, end_time, is_available) VALUES (7, '2025-06-05', '11:00:00', '12:00:00', 1);
INSERT INTO schedules (doctor_id, date, start_time, end_time, is_available) VALUES (7, '2025-06-06', '09:00:00', '10:00:00', 1);
INSERT INTO schedules (doctor_id, date, start_time, end_time, is_available) VALUES (7, '2025-06-06', '10:00:00', '11:00:00', 1);
INSERT INTO schedules (doctor_id, date, start_time, end_time, is_available) VALUES (7, '2025-06-06', '11:00:00', '12:00:00', 1);
INSERT INTO schedules (doctor_id, date, start_time, end_time, is_available) VALUES (7, '2025-06-07', '09:00:00', '10:00:00', 1);
INSERT INTO schedules (doctor_id, date, start_time, end_time, is_available) VALUES (7, '2025-06-07', '10:00:00', '11:00:00', 1);
INSERT INTO schedules (doctor_id, date, start_time, end_time, is_available) VALUES (7, '2025-06-07', '11:00:00', '12:00:00', 1);
INSERT INTO schedules (doctor_id, date, start_time, end_time, is_available) VALUES (7, '2025-06-08', '09:00:00', '10:00:00', 1);
INSERT INTO schedules (doctor_id, date, start_time, end_time, is_available) VALUES (7, '2025-06-08', '10:00:00', '11:00:00', 1);
INSERT INTO schedules (doctor_id, date, start_time, end_time, is_available) VALUES (7, '2025-06-08', '11:00:00', '12:00:00', 1);
INSERT INTO schedules (doctor_id, date, start_time, end_time, is_available) VALUES (7, '2025-06-09', '09:00:00', '10:00:00', 1);
INSERT INTO schedules (doctor_id, date, start_time, end_time, is_available) VALUES (7, '2025-06-09', '10:00:00', '11:00:00', 1);
INSERT INTO schedules (doctor_id, date, start_time, end_time, is_available) VALUES (7, '2025-06-09', '11:00:00', '12:00:00', 1);
INSERT INTO schedules (doctor_id, date, start_time, end_time, is_available) VALUES (7, '2025-06-10', '09:00:00', '10:00:00', 1);
INSERT INTO schedules (doctor_id, date, start_time, end_time, is_available) VALUES (7, '2025-06-10', '10:00:00', '11:00:00', 1);
INSERT INTO schedules (doctor_id, date, start_time, end_time, is_available) VALUES (7, '2025-06-10', '11:00:00', '12:00:00', 1);
INSERT INTO schedules (doctor_id, date, start_time, end_time, is_available) VALUES (7, '2025-06-11', '09:00:00', '10:00:00', 1);
INSERT INTO schedules (doctor_id, date, start_time, end_time, is_available) VALUES (7, '2025-06-11', '10:00:00', '11:00:00', 1);
INSERT INTO schedules (doctor_id, date, start_time, end_time, is_available) VALUES (7, '2025-06-11', '11:00:00', '12:00:00', 1);
INSERT INTO schedules (doctor_id, date, start_time, end_time, is_available) VALUES (7, '2025-06-12', '09:00:00', '10:00:00', 1);
INSERT INTO schedules (doctor_id, date, start_time, end_time, is_available) VALUES (7, '2025-06-12', '10:00:00', '11:00:00', 1);
INSERT INTO schedules (doctor_id, date, start_time, end_time, is_available) VALUES (7, '2025-06-12', '11:00:00', '12:00:00', 1);
INSERT INTO schedules (doctor_id, date, start_time, end_time, is_available) VALUES (7, '2025-06-13', '09:00:00', '10:00:00', 1);
INSERT INTO schedules (doctor_id, date, start_time, end_time, is_available) VALUES (7, '2025-06-13', '10:00:00', '11:00:00', 1);
INSERT INTO schedules (doctor_id, date, start_time, end_time, is_available) VALUES (7, '2025-06-13', '11:00:00', '12:00:00', 1);
INSERT INTO schedules (doctor_id, date, start_time, end_time, is_available) VALUES (7, '2025-06-14', '09:00:00', '10:00:00', 1);
INSERT INTO schedules (doctor_id, date, start_time, end_time, is_available) VALUES (7, '2025-06-14', '10:00:00', '11:00:00', 1);
INSERT INTO schedules (doctor_id, date, start_time, end_time, is_available) VALUES (7, '2025-06-14', '11:00:00', '12:00:00', 1);
INSERT INTO schedules (doctor_id, date, start_time, end_time, is_available) VALUES (7, '2025-06-15', '09:00:00', '10:00:00', 1);
INSERT INTO schedules (doctor_id, date, start_time, end_time, is_available) VALUES (7, '2025-06-15', '10:00:00', '11:00:00', 1);
INSERT INTO schedules (doctor_id, date, start_time, end_time, is_available) VALUES (7, '2025-06-15', '11:00:00', '12:00:00', 1);
INSERT INTO schedules (doctor_id, date, start_time, end_time, is_available) VALUES (7, '2025-06-16', '09:00:00', '10:00:00', 1);
INSERT INTO schedules (doctor_id, date, start_time, end_time, is_available) VALUES (7, '2025-06-16', '10:00:00', '11:00:00', 1);
INSERT INTO schedules (doctor_id, date, start_time, end_time, is_available) VALUES (7, '2025-06-16', '11:00:00', '12:00:00', 1);
INSERT INTO schedules (doctor_id, date, start_time, end_time, is_available) VALUES (7, '2025-06-17', '09:00:00', '10:00:00', 1);
INSERT INTO schedules (doctor_id, date, start_time, end_time, is_available) VALUES (7, '2025-06-17', '10:00:00', '11:00:00', 1);
INSERT INTO schedules (doctor_id, date, start_time, end_time, is_available) VALUES (7, '2025-06-17', '11:00:00', '12:00:00', 1);
INSERT INTO schedules (doctor_id, date, start_time, end_time, is_available) VALUES (7, '2025-06-18', '09:00:00', '10:00:00', 1);
INSERT INTO schedules (doctor_id, date, start_time, end_time, is_available) VALUES (7, '2025-06-18', '10:00:00', '11:00:00', 1);
INSERT INTO schedules (doctor_id, date, start_time, end_time, is_available) VALUES (7, '2025-06-18', '11:00:00', '12:00:00', 1);
INSERT INTO schedules (doctor_id, date, start_time, end_time, is_available) VALUES (7, '2025-06-19', '09:00:00', '10:00:00', 1);
INSERT INTO schedules (doctor_id, date, start_time, end_time, is_available) VALUES (7, '2025-06-19', '10:00:00', '11:00:00', 1);
INSERT INTO schedules (doctor_id, date, start_time, end_time, is_available) VALUES (7, '2025-06-19', '11:00:00', '12:00:00', 1);
INSERT INTO schedules (doctor_id, date, start_time, end_time, is_available) VALUES (7, '2025-06-20', '09:00:00', '10:00:00', 1);
INSERT INTO schedules (doctor_id, date, start_time, end_time, is_available) VALUES (7, '2025-06-20', '10:00:00', '11:00:00', 1);
INSERT INTO schedules (doctor_id, date, start_time, end_time, is_available) VALUES (7, '2025-06-20', '11:00:00', '12:00:00', 1);
INSERT INTO schedules (doctor_id, date, start_time, end_time, is_available) VALUES (7, '2025-06-21', '09:00:00', '10:00:00', 1);
INSERT INTO schedules (doctor_id, date, start_time, end_time, is_available) VALUES (7, '2025-06-21', '10:00:00', '11:00:00', 1);
INSERT INTO schedules (doctor_id, date, start_time, end_time, is_available) VALUES (7, '2025-06-21', '11:00:00', '12:00:00', 1);
INSERT INTO schedules (doctor_id, date, start_time, end_time, is_available) VALUES (7, '2025-06-22', '09:00:00', '10:00:00', 1);
INSERT INTO schedules (doctor_id, date, start_time, end_time, is_available) VALUES (7, '2025-06-22', '10:00:00', '11:00:00', 1);
INSERT INTO schedules (doctor_id, date, start_time, end_time, is_available) VALUES (7, '2025-06-22', '11:00:00', '12:00:00', 1);
INSERT INTO schedules (doctor_id, date, start_time, end_time, is_available) VALUES (7, '2025-06-23', '09:00:00', '10:00:00', 1);
INSERT INTO schedules (doctor_id, date, start_time, end_time, is_available) VALUES (7, '2025-06-23', '10:00:00', '11:00:00', 1);
INSERT INTO schedules (doctor_id, date, start_time, end_time, is_available) VALUES (7, '2025-06-23', '11:00:00', '12:00:00', 1);
INSERT INTO schedules (doctor_id, date, start_time, end_time, is_available) VALUES (7, '2025-06-24', '09:00:00', '10:00:00', 1);
INSERT INTO schedules (doctor_id, date, start_time, end_time, is_available) VALUES (7, '2025-06-24', '10:00:00', '11:00:00', 1);
INSERT INTO schedules (doctor_id, date, start_time, end_time, is_available) VALUES (7, '2025-06-24', '11:00:00', '12:00:00', 1);
INSERT INTO schedules (doctor_id, date, start_time, end_time, is_available) VALUES (7, '2025-06-25', '09:00:00', '10:00:00', 1);
INSERT INTO schedules (doctor_id, date, start_time, end_time, is_available) VALUES (7, '2025-06-25', '10:00:00', '11:00:00', 1);
INSERT INTO schedules (doctor_id, date, start_time, end_time, is_available) VALUES (7, '2025-06-25', '11:00:00', '12:00:00', 1);
INSERT INTO schedules (doctor_id, date, start_time, end_time, is_available) VALUES (7, '2025-06-26', '09:00:00', '10:00:00', 1);
INSERT INTO schedules (doctor_id, date, start_time, end_time, is_available) VALUES (7, '2025-06-26', '10:00:00', '11:00:00', 1);
INSERT INTO schedules (doctor_id, date, start_time, end_time, is_available) VALUES (7, '2025-06-26', '11:00:00', '12:00:00', 1);
INSERT INTO schedules (doctor_id, date, start_time, end_time, is_available) VALUES (7, '2025-06-27', '09:00:00', '10:00:00', 1);
INSERT INTO schedules (doctor_id, date, start_time, end_time, is_available) VALUES (7, '2025-06-27', '10:00:00', '11:00:00', 1);
INSERT INTO schedules (doctor_id, date, start_time, end_time, is_available) VALUES (7, '2025-06-27', '11:00:00', '12:00:00', 1);
INSERT INTO schedules (doctor_id, date, start_time, end_time, is_available) VALUES (7, '2025-06-28', '09:00:00', '10:00:00', 1);
INSERT INTO schedules (doctor_id, date, start_time, end_time, is_available) VALUES (7, '2025-06-28', '10:00:00', '11:00:00', 1);
INSERT INTO schedules (doctor_id, date, start_time, end_time, is_available) VALUES (7, '2025-06-28', '11:00:00', '12:00:00', 1);
INSERT INTO schedules (doctor_id, date, start_time, end_time, is_available) VALUES (7, '2025-06-29', '09:00:00', '10:00:00', 1);
INSERT INTO schedules (doctor_id, date, start_time, end_time, is_available) VALUES (7, '2025-06-29', '10:00:00', '11:00:00', 1);
INSERT INTO schedules (doctor_id, date, start_time, end_time, is_available) VALUES (7, '2025-06-29', '11:00:00', '12:00:00', 1);
INSERT INTO schedules (doctor_id, date, start_time, end_time, is_available) VALUES (7, '2025-06-30', '09:00:00', '10:00:00', 1);
INSERT INTO schedules (doctor_id, date, start_time, end_time, is_available) VALUES (7, '2025-06-30', '10:00:00', '11:00:00', 1);
INSERT INTO schedules (doctor_id, date, start_time, end_time, is_available) VALUES (7, '2025-06-30', '11:00:00', '12:00:00', 1);
INSERT INTO schedules (doctor_id, date, start_time, end_time, is_available) VALUES (8, '2025-06-01', '13:00:00', '14:00:00', 1);
INSERT INTO schedules (doctor_id, date, start_time, end_time, is_available) VALUES (8, '2025-06-01', '14:00:00', '15:00:00', 1);
INSERT INTO schedules (doctor_id, date, start_time, end_time, is_available) VALUES (8, '2025-06-01', '15:00:00', '16:00:00', 1);
INSERT INTO schedules (doctor_id, date, start_time, end_time, is_available) VALUES (8, '2025-06-02', '13:00:00', '14:00:00', 1);
INSERT INTO schedules (doctor_id, date, start_time, end_time, is_available) VALUES (8, '2025-06-02', '14:00:00', '15:00:00', 1);
INSERT INTO schedules (doctor_id, date, start_time, end_time, is_available) VALUES (8, '2025-06-02', '15:00:00', '16:00:00', 1);
INSERT INTO schedules (doctor_id, date, start_time, end_time, is_available) VALUES (8, '2025-06-03', '13:00:00', '14:00:00', 1);
INSERT INTO schedules (doctor_id, date, start_time, end_time, is_available) VALUES (8, '2025-06-03', '14:00:00', '15:00:00', 1);
INSERT INTO schedules (doctor_id, date, start_time, end_time, is_available) VALUES (8, '2025-06-03', '15:00:00', '16:00:00', 1);
INSERT INTO schedules (doctor_id, date, start_time, end_time, is_available) VALUES (8, '2025-06-04', '13:00:00', '14:00:00', 1);
INSERT INTO schedules (doctor_id, date, start_time, end_time, is_available) VALUES (8, '2025-06-04', '14:00:00', '15:00:00', 1);
INSERT INTO schedules (doctor_id, date, start_time, end_time, is_available) VALUES (8, '2025-06-04', '15:00:00', '16:00:00', 1);
INSERT INTO schedules (doctor_id, date, start_time, end_time, is_available) VALUES (8, '2025-06-05', '13:00:00', '14:00:00', 1);
INSERT INTO schedules (doctor_id, date, start_time, end_time, is_available) VALUES (8, '2025-06-05', '14:00:00', '15:00:00', 1);
INSERT INTO schedules (doctor_id, date, start_time, end_time, is_available) VALUES (8, '2025-06-05', '15:00:00', '16:00:00', 1);
INSERT INTO schedules (doctor_id, date, start_time, end_time, is_available) VALUES (8, '2025-06-06', '13:00:00', '14:00:00', 1);
INSERT INTO schedules (doctor_id, date, start_time, end_time, is_available) VALUES (8, '2025-06-06', '14:00:00', '15:00:00', 1);
INSERT INTO schedules (doctor_id, date, start_time, end_time, is_available) VALUES (8, '2025-06-06', '15:00:00', '16:00:00', 1);
INSERT INTO schedules (doctor_id, date, start_time, end_time, is_available) VALUES (8, '2025-06-07', '13:00:00', '14:00:00', 1);
INSERT INTO schedules (doctor_id, date, start_time, end_time, is_available) VALUES (8, '2025-06-07', '14:00:00', '15:00:00', 1);
INSERT INTO schedules (doctor_id, date, start_time, end_time, is_available) VALUES (8, '2025-06-07', '15:00:00', '16:00:00', 1);
INSERT INTO schedules (doctor_id, date, start_time, end_time, is_available) VALUES (8, '2025-06-08', '13:00:00', '14:00:00', 1);
INSERT INTO schedules (doctor_id, date, start_time, end_time, is_available) VALUES (8, '2025-06-08', '14:00:00', '15:00:00', 1);
INSERT INTO schedules (doctor_id, date, start_time, end_time, is_available) VALUES (8, '2025-06-08', '15:00:00', '16:00:00', 1);
INSERT INTO schedules (doctor_id, date, start_time, end_time, is_available) VALUES (8, '2025-06-09', '13:00:00', '14:00:00', 1);
INSERT INTO schedules (doctor_id, date, start_time, end_time, is_available) VALUES (8, '2025-06-09', '14:00:00', '15:00:00', 1);
INSERT INTO schedules (doctor_id, date, start_time, end_time, is_available) VALUES (8, '2025-06-09', '15:00:00', '16:00:00', 1);
INSERT INTO schedules (doctor_id, date, start_time, end_time, is_available) VALUES (8, '2025-06-10', '13:00:00', '14:00:00', 1);
INSERT INTO schedules (doctor_id, date, start_time, end_time, is_available) VALUES (8, '2025-06-10', '14:00:00', '15:00:00', 1);
INSERT INTO schedules (doctor_id, date, start_time, end_time, is_available) VALUES (8, '2025-06-10', '15:00:00', '16:00:00', 1);
INSERT INTO schedules (doctor_id, date, start_time, end_time, is_available) VALUES (8, '2025-06-11', '13:00:00', '14:00:00', 1);
INSERT INTO schedules (doctor_id, date, start_time, end_time, is_available) VALUES (8, '2025-06-11', '14:00:00', '15:00:00', 1);
INSERT INTO schedules (doctor_id, date, start_time, end_time, is_available) VALUES (8, '2025-06-11', '15:00:00', '16:00:00', 1);
INSERT INTO schedules (doctor_id, date, start_time, end_time, is_available) VALUES (8, '2025-06-12', '13:00:00', '14:00:00', 1);
INSERT INTO schedules (doctor_id, date, start_time, end_time, is_available) VALUES (8, '2025-06-12', '14:00:00', '15:00:00', 1);
INSERT INTO schedules (doctor_id, date, start_time, end_time, is_available) VALUES (8, '2025-06-12', '15:00:00', '16:00:00', 1);
INSERT INTO schedules (doctor_id, date, start_time, end_time, is_available) VALUES (8, '2025-06-13', '13:00:00', '14:00:00', 1);
INSERT INTO schedules (doctor_id, date, start_time, end_time, is_available) VALUES (8, '2025-06-13', '14:00:00', '15:00:00', 1);
INSERT INTO schedules (doctor_id, date, start_time, end_time, is_available) VALUES (8, '2025-06-13', '15:00:00', '16:00:00', 1);
INSERT INTO schedules (doctor_id, date, start_time, end_time, is_available) VALUES (8, '2025-06-14', '13:00:00', '14:00:00', 1);
INSERT INTO schedules (doctor_id, date, start_time, end_time, is_available) VALUES (8, '2025-06-14', '14:00:00', '15:00:00', 1);
INSERT INTO schedules (doctor_id, date, start_time, end_time, is_available) VALUES (8, '2025-06-14', '15:00:00', '16:00:00', 1);
INSERT INTO schedules (doctor_id, date, start_time, end_time, is_available) VALUES (8, '2025-06-15', '13:00:00', '14:00:00', 1);
INSERT INTO schedules (doctor_id, date, start_time, end_time, is_available) VALUES (8, '2025-06-15', '14:00:00', '15:00:00', 1);
INSERT INTO schedules (doctor_id, date, start_time, end_time, is_available) VALUES (8, '2025-06-15', '15:00:00', '16:00:00', 1);
INSERT INTO schedules (doctor_id, date, start_time, end_time, is_available) VALUES (8, '2025-06-16', '13:00:00', '14:00:00', 1);
INSERT INTO schedules (doctor_id, date, start_time, end_time, is_available) VALUES (8, '2025-06-16', '14:00:00', '15:00:00', 1);
INSERT INTO schedules (doctor_id, date, start_time, end_time, is_available) VALUES (8, '2025-06-16', '15:00:00', '16:00:00', 1);
INSERT INTO schedules (doctor_id, date, start_time, end_time, is_available) VALUES (8, '2025-06-17', '13:00:00', '14:00:00', 1);
INSERT INTO schedules (doctor_id, date, start_time, end_time, is_available) VALUES (8, '2025-06-17', '14:00:00', '15:00:00', 1);
INSERT INTO schedules (doctor_id, date, start_time, end_time, is_available) VALUES (8, '2025-06-17', '15:00:00', '16:00:00', 1);
INSERT INTO schedules (doctor_id, date, start_time, end_time, is_available) VALUES (8, '2025-06-18', '13:00:00', '14:00:00', 1);
INSERT INTO schedules (doctor_id, date, start_time, end_time, is_available) VALUES (8, '2025-06-18', '14:00:00', '15:00:00', 1);
INSERT INTO schedules (doctor_id, date, start_time, end_time, is_available) VALUES (8, '2025-06-18', '15:00:00', '16:00:00', 1);
INSERT INTO schedules (doctor_id, date, start_time, end_time, is_available) VALUES (8, '2025-06-19', '13:00:00', '14:00:00', 1);
INSERT INTO schedules (doctor_id, date, start_time, end_time, is_available) VALUES (8, '2025-06-19', '14:00:00', '15:00:00', 1);
INSERT INTO schedules (doctor_id, date, start_time, end_time, is_available) VALUES (8, '2025-06-19', '15:00:00', '16:00:00', 1);
INSERT INTO schedules (doctor_id, date, start_time, end_time, is_available) VALUES (8, '2025-06-20', '13:00:00', '14:00:00', 1);
INSERT INTO schedules (doctor_id, date, start_time, end_time, is_available) VALUES (8, '2025-06-20', '14:00:00', '15:00:00', 1);
INSERT INTO schedules (doctor_id, date, start_time, end_time, is_available) VALUES (8, '2025-06-20', '15:00:00', '16:00:00', 1);
INSERT INTO schedules (doctor_id, date, start_time, end_time, is_available) VALUES (8, '2025-06-21', '13:00:00', '14:00:00', 1);
INSERT INTO schedules (doctor_id, date, start_time, end_time, is_available) VALUES (8, '2025-06-21', '14:00:00', '15:00:00', 1);
INSERT INTO schedules (doctor_id, date, start_time, end_time, is_available) VALUES (8, '2025-06-21', '15:00:00', '16:00:00', 1);
INSERT INTO schedules (doctor_id, date, start_time, end_time, is_available) VALUES (8, '2025-06-22', '13:00:00', '14:00:00', 1);
INSERT INTO schedules (doctor_id, date, start_time, end_time, is_available) VALUES (8, '2025-06-22', '14:00:00', '15:00:00', 1);
INSERT INTO schedules (doctor_id, date, start_time, end_time, is_available) VALUES (8, '2025-06-22', '15:00:00', '16:00:00', 1);
INSERT INTO schedules (doctor_id, date, start_time, end_time, is_available) VALUES (8, '2025-06-23', '13:00:00', '14:00:00', 1);
INSERT INTO schedules (doctor_id, date, start_time, end_time, is_available) VALUES (8, '2025-06-23', '14:00:00', '15:00:00', 1);
INSERT INTO schedules (doctor_id, date, start_time, end_time, is_available) VALUES (8, '2025-06-23', '15:00:00', '16:00:00', 1);
INSERT INTO schedules (doctor_id, date, start_time, end_time, is_available) VALUES (8, '2025-06-24', '13:00:00', '14:00:00', 1);
INSERT INTO schedules (doctor_id, date, start_time, end_time, is_available) VALUES (8, '2025-06-24', '14:00:00', '15:00:00', 1);
INSERT INTO schedules (doctor_id, date, start_time, end_time, is_available) VALUES (8, '2025-06-24', '15:00:00', '16:00:00', 1);
INSERT INTO schedules (doctor_id, date, start_time, end_time, is_available) VALUES (8, '2025-06-25', '13:00:00', '14:00:00', 1);
INSERT INTO schedules (doctor_id, date, start_time, end_time, is_available) VALUES (8, '2025-06-25', '14:00:00', '15:00:00', 1);
INSERT INTO schedules (doctor_id, date, start_time, end_time, is_available) VALUES (8, '2025-06-25', '15:00:00', '16:00:00', 1);
INSERT INTO schedules (doctor_id, date, start_time, end_time, is_available) VALUES (8, '2025-06-26', '13:00:00', '14:00:00', 1);
INSERT INTO schedules (doctor_id, date, start_time, end_time, is_available) VALUES (8, '2025-06-26', '14:00:00', '15:00:00', 1);
INSERT INTO schedules (doctor_id, date, start_time, end_time, is_available) VALUES (8, '2025-06-26', '15:00:00', '16:00:00', 1);
INSERT INTO schedules (doctor_id, date, start_time, end_time, is_available) VALUES (8, '2025-06-27', '13:00:00', '14:00:00', 1);
INSERT INTO schedules (doctor_id, date, start_time, end_time, is_available) VALUES (8, '2025-06-27', '14:00:00', '15:00:00', 1);
INSERT INTO schedules (doctor_id, date, start_time, end_time, is_available) VALUES (8, '2025-06-27', '15:00:00', '16:00:00', 1);
INSERT INTO schedules (doctor_id, date, start_time, end_time, is_available) VALUES (8, '2025-06-28', '13:00:00', '14:00:00', 1);
INSERT INTO schedules (doctor_id, date, start_time, end_time, is_available) VALUES (8, '2025-06-28', '14:00:00', '15:00:00', 1);
INSERT INTO schedules (doctor_id, date, start_time, end_time, is_available) VALUES (8, '2025-06-28', '15:00:00', '16:00:00', 1);
INSERT INTO schedules (doctor_id, date, start_time, end_time, is_available) VALUES (8, '2025-06-29', '13:00:00', '14:00:00', 1);
INSERT INTO schedules (doctor_id, date, start_time, end_time, is_available) VALUES (8, '2025-06-29', '14:00:00', '15:00:00', 1);
INSERT INTO schedules (doctor_id, date, start_time, end_time, is_available) VALUES (8, '2025-06-29', '15:00:00', '16:00:00', 1);
INSERT INTO schedules (doctor_id, date, start_time, end_time, is_available) VALUES (8, '2025-06-30', '13:00:00', '14:00:00', 1);
INSERT INTO schedules (doctor_id, date, start_time, end_time, is_available) VALUES (8, '2025-06-30', '14:00:00', '15:00:00', 1);
INSERT INTO schedules (doctor_id, date, start_time, end_time, is_available) VALUES (8, '2025-06-30', '15:00:00', '16:00:00', 1);
INSERT INTO appointments (patient_id, doctor_id, schedule_id, appointment_time, status) VALUES (9, 5, 402, '2025-06-24 15:00:00', 'canceled');
INSERT INTO appointments (patient_id, doctor_id, schedule_id, appointment_time, status) VALUES (10, 3, 185, '2025-06-03 16:00:00', 'pending');
INSERT INTO appointments (patient_id, doctor_id, schedule_id, appointment_time, status) VALUES (10, 6, 478, '2025-06-29 17:00:00', 'pending');
INSERT INTO appointments (patient_id, doctor_id, schedule_id, appointment_time, status) VALUES (11, 7, 501, '2025-06-07 11:00:00', 'pending');
INSERT INTO appointments (patient_id, doctor_id, schedule_id, appointment_time, status) VALUES (11, 2, 94, '2025-06-02 13:00:00', 'confirmed');
INSERT INTO appointments (patient_id, doctor_id, schedule_id, appointment_time, status) VALUES (12, 6, 458, '2025-06-19 17:00:00', 'pending');
INSERT INTO appointments (patient_id, doctor_id, schedule_id, appointment_time, status) VALUES (12, 2, 147, '2025-06-19 15:00:00', 'pending');
INSERT INTO appointments (patient_id, doctor_id, schedule_id, appointment_time, status) VALUES (13, 6, 441, '2025-06-11 16:00:00', 'canceled');
INSERT INTO appointments (patient_id, doctor_id, schedule_id, appointment_time, status) VALUES (13, 4, 319, '2025-06-27 09:00:00', 'confirmed');
INSERT INTO appointments (patient_id, doctor_id, schedule_id, appointment_time, status) VALUES (13, 6, 472, '2025-06-26 17:00:00', 'pending');
INSERT INTO appointments (patient_id, doctor_id, schedule_id, appointment_time, status) VALUES (14, 7, 538, '2025-06-20 09:00:00', 'pending');
INSERT INTO appointments (patient_id, doctor_id, schedule_id, appointment_time, status) VALUES (14, 2, 131, '2025-06-14 14:00:00', 'canceled');
INSERT INTO appointments (patient_id, doctor_id, schedule_id, appointment_time, status) VALUES (15, 6, 435, '2025-06-08 16:00:00', 'confirmed');
INSERT INTO appointments (patient_id, doctor_id, schedule_id, appointment_time, status) VALUES (15, 6, 457, '2025-06-19 16:00:00', 'canceled');
INSERT INTO appointments (patient_id, doctor_id, schedule_id, appointment_time, status) VALUES (15, 1, 89, '2025-06-30 10:00:00', 'confirmed');
INSERT INTO appointments (patient_id, doctor_id, schedule_id, appointment_time, status) VALUES (16, 5, 354, '2025-06-08 15:00:00', 'pending');
INSERT INTO appointments (patient_id, doctor_id, schedule_id, appointment_time, status) VALUES (16, 2, 155, '2025-06-22 14:00:00', 'confirmed');
INSERT INTO appointments (patient_id, doctor_id, schedule_id, appointment_time, status) VALUES (17, 1, 3, '2025-06-01 11:00:00', 'confirmed');
INSERT INTO appointments (patient_id, doctor_id, schedule_id, appointment_time, status) VALUES (18, 3, 205, '2025-06-13 16:00:00', 'confirmed');
INSERT INTO appointments (patient_id, doctor_id, schedule_id, appointment_time, status) VALUES (18, 1, 79, '2025-06-27 09:00:00', 'pending');
INSERT INTO appointments (patient_id, doctor_id, schedule_id, appointment_time, status) VALUES (18, 6, 427, '2025-06-04 16:00:00', 'confirmed');
INSERT INTO appointments (patient_id, doctor_id, schedule_id, appointment_time, status) VALUES (19, 5, 414, '2025-06-28 15:00:00', 'confirmed');
INSERT INTO appointments (patient_id, doctor_id, schedule_id, appointment_time, status) VALUES (19, 4, 297, '2025-06-19 11:00:00', 'confirmed');
INSERT INTO appointments (patient_id, doctor_id, schedule_id, appointment_time, status) VALUES (19, 4, 270, '2025-06-10 11:00:00', 'confirmed');
INSERT INTO appointments (patient_id, doctor_id, schedule_id, appointment_time, status) VALUES (20, 2, 118, '2025-06-10 13:00:00', 'confirmed');
INSERT INTO appointments (patient_id, doctor_id, schedule_id, appointment_time, status) VALUES (20, 8, 605, '2025-06-12 14:00:00', 'canceled');
INSERT INTO appointments (patient_id, doctor_id, schedule_id, appointment_time, status) VALUES (20, 3, 233, '2025-06-27 16:00:00', 'confirmed');
INSERT INTO appointments (patient_id, doctor_id, schedule_id, appointment_time, status) VALUES (21, 5, 365, '2025-06-12 14:00:00', 'pending');
INSERT INTO appointments (patient_id, doctor_id, schedule_id, appointment_time, status) VALUES (21, 4, 279, '2025-06-13 11:00:00', 'confirmed');
INSERT INTO appointments (patient_id, doctor_id, schedule_id, appointment_time, status) VALUES (21, 8, 577, '2025-06-03 13:00:00', 'confirmed');
INSERT INTO appointments (patient_id, doctor_id, schedule_id, appointment_time, status) VALUES (22, 6, 441, '2025-06-11 16:00:00', 'pending');
INSERT INTO appointments (patient_id, doctor_id, schedule_id, appointment_time, status) VALUES (22, 3, 193, '2025-06-07 16:00:00', 'confirmed');
INSERT INTO appointments (patient_id, doctor_id, schedule_id, appointment_time, status) VALUES (23, 4, 275, '2025-06-12 10:00:00', 'pending');
INSERT INTO appointments (patient_id, doctor_id, schedule_id, appointment_time, status) VALUES (23, 4, 321, '2025-06-27 11:00:00', 'pending');
INSERT INTO appointments (patient_id, doctor_id, schedule_id, appointment_time, status) VALUES (23, 8, 642, '2025-06-24 15:00:00', 'confirmed');
INSERT INTO appointments (patient_id, doctor_id, schedule_id, appointment_time, status) VALUES (24, 5, 403, '2025-06-25 13:00:00', 'canceled');
INSERT INTO appointments (patient_id, doctor_id, schedule_id, appointment_time, status) VALUES (24, 1, 46, '2025-06-16 09:00:00', 'confirmed');
INSERT INTO appointments (patient_id, doctor_id, schedule_id, appointment_time, status) VALUES (25, 7, 504, '2025-06-08 11:00:00', 'confirmed');
INSERT INTO appointments (patient_id, doctor_id, schedule_id, appointment_time, status) VALUES (26, 4, 259, '2025-06-07 09:00:00', 'pending');
INSERT INTO appointments (patient_id, doctor_id, schedule_id, appointment_time, status) VALUES (26, 6, 423, '2025-06-02 16:00:00', 'confirmed');
INSERT INTO appointments (patient_id, doctor_id, schedule_id, appointment_time, status) VALUES (27, 6, 463, '2025-06-22 16:00:00', 'pending');
INSERT INTO appointments (patient_id, doctor_id, schedule_id, appointment_time, status) VALUES (27, 4, 315, '2025-06-25 11:00:00', 'pending');
INSERT INTO appointments (patient_id, doctor_id, schedule_id, appointment_time, status) VALUES (27, 4, 308, '2025-06-23 10:00:00', 'pending');
INSERT INTO appointments (patient_id, doctor_id, schedule_id, appointment_time, status) VALUES (28, 2, 128, '2025-06-13 14:00:00', 'pending');
INSERT INTO appointments (patient_id, doctor_id, schedule_id, appointment_time, status) VALUES (29, 4, 319, '2025-06-27 09:00:00', 'pending');
INSERT INTO appointments (patient_id, doctor_id, schedule_id, appointment_time, status) VALUES (30, 8, 607, '2025-06-13 13:00:00', 'confirmed');
INSERT INTO appointments (patient_id, doctor_id, schedule_id, appointment_time, status) VALUES (30, 6, 471, '2025-06-26 16:00:00', 'pending');
INSERT INTO appointments (patient_id, doctor_id, schedule_id, appointment_time, status) VALUES (31, 1, 7, '2025-06-03 09:00:00', 'confirmed');
INSERT INTO appointments (patient_id, doctor_id, schedule_id, appointment_time, status) VALUES (31, 3, 207, '2025-06-14 16:00:00', 'confirmed');
INSERT INTO appointments (patient_id, doctor_id, schedule_id, appointment_time, status) VALUES (32, 5, 415, '2025-06-29 13:00:00', 'confirmed');
INSERT INTO appointments (patient_id, doctor_id, schedule_id, appointment_time, status) VALUES (32, 1, 52, '2025-06-18 09:00:00', 'pending');
INSERT INTO appointments (patient_id, doctor_id, schedule_id, appointment_time, status) VALUES (33, 5, 383, '2025-06-18 14:00:00', 'pending');
INSERT INTO appointments (patient_id, doctor_id, schedule_id, appointment_time, status) VALUES (34, 5, 334, '2025-06-02 13:00:00', 'pending');
INSERT INTO appointments (patient_id, doctor_id, schedule_id, appointment_time, status) VALUES (34, 2, 95, '2025-06-02 14:00:00', 'confirmed');
INSERT INTO appointments (patient_id, doctor_id, schedule_id, appointment_time, status) VALUES (34, 6, 438, '2025-06-09 17:00:00', 'confirmed');
INSERT INTO appointments (patient_id, doctor_id, schedule_id, appointment_time, status) VALUES (35, 1, 74, '2025-06-25 10:00:00', 'pending');
INSERT INTO appointments (patient_id, doctor_id, schedule_id, appointment_time, status) VALUES (35, 7, 566, '2025-06-29 10:00:00', 'confirmed');
INSERT INTO appointments (patient_id, doctor_id, schedule_id, appointment_time, status) VALUES (35, 3, 228, '2025-06-24 17:00:00', 'pending');
INSERT INTO appointments (patient_id, doctor_id, schedule_id, appointment_time, status) VALUES (36, 2, 152, '2025-06-21 14:00:00', 'confirmed');
INSERT INTO appointments (patient_id, doctor_id, schedule_id, appointment_time, status) VALUES (36, 8, 636, '2025-06-22 15:00:00', 'confirmed');
INSERT INTO appointments (patient_id, doctor_id, schedule_id, appointment_time, status) VALUES (36, 8, 597, '2025-06-09 15:00:00', 'confirmed');
INSERT INTO appointments (patient_id, doctor_id, schedule_id, appointment_time, status) VALUES (37, 7, 546, '2025-06-22 11:00:00', 'canceled');
INSERT INTO appointments (patient_id, doctor_id, schedule_id, appointment_time, status) VALUES (37, 4, 249, '2025-06-03 11:00:00', 'confirmed');
INSERT INTO appointments (patient_id, doctor_id, schedule_id, appointment_time, status) VALUES (37, 3, 187, '2025-06-04 16:00:00', 'pending');
INSERT INTO appointments (patient_id, doctor_id, schedule_id, appointment_time, status) VALUES (38, 1, 17, '2025-06-06 10:00:00', 'confirmed');
INSERT INTO appointments (patient_id, doctor_id, schedule_id, appointment_time, status) VALUES (39, 2, 108, '2025-06-06 15:00:00', 'pending');
INSERT INTO appointments (patient_id, doctor_id, schedule_id, appointment_time, status) VALUES (40, 3, 183, '2025-06-02 16:00:00', 'pending');
INSERT INTO appointments (patient_id, doctor_id, schedule_id, appointment_time, status) VALUES (40, 5, 366, '2025-06-12 15:00:00', 'pending');
INSERT INTO appointments (patient_id, doctor_id, schedule_id, appointment_time, status) VALUES (41, 8, 575, '2025-06-02 14:00:00', 'canceled');
INSERT INTO appointments (patient_id, doctor_id, schedule_id, appointment_time, status) VALUES (41, 1, 5, '2025-06-02 10:00:00', 'confirmed');
INSERT INTO appointments (patient_id, doctor_id, schedule_id, appointment_time, status) VALUES (41, 2, 159, '2025-06-23 15:00:00', 'pending');
INSERT INTO appointments (patient_id, doctor_id, schedule_id, appointment_time, status) VALUES (42, 2, 119, '2025-06-10 14:00:00', 'pending');
INSERT INTO appointments (patient_id, doctor_id, schedule_id, appointment_time, status) VALUES (42, 6, 472, '2025-06-26 17:00:00', 'confirmed');
INSERT INTO appointments (patient_id, doctor_id, schedule_id, appointment_time, status) VALUES (43, 1, 16, '2025-06-06 09:00:00', 'pending');
INSERT INTO appointments (patient_id, doctor_id, schedule_id, appointment_time, status) VALUES (43, 7, 509, '2025-06-10 10:00:00', 'pending');
INSERT INTO appointments (patient_id, doctor_id, schedule_id, appointment_time, status) VALUES (44, 3, 202, '2025-06-11 17:00:00', 'confirmed');
INSERT INTO appointments (patient_id, doctor_id, schedule_id, appointment_time, status) VALUES (45, 4, 283, '2025-06-15 09:00:00', 'confirmed');
INSERT INTO appointments (patient_id, doctor_id, schedule_id, appointment_time, status) VALUES (45, 4, 329, '2025-06-30 10:00:00', 'confirmed');
INSERT INTO appointments (patient_id, doctor_id, schedule_id, appointment_time, status) VALUES (45, 3, 220, '2025-06-20 17:00:00', 'confirmed');
INSERT INTO appointments (patient_id, doctor_id, schedule_id, appointment_time, status) VALUES (46, 6, 470, '2025-06-25 17:00:00', 'confirmed');
INSERT INTO appointments (patient_id, doctor_id, schedule_id, appointment_time, status) VALUES (47, 7, 547, '2025-06-23 09:00:00', 'pending');
INSERT INTO appointments (patient_id, doctor_id, schedule_id, appointment_time, status) VALUES (47, 1, 33, '2025-06-11 11:00:00', 'canceled');
INSERT INTO appointments (patient_id, doctor_id, schedule_id, appointment_time, status) VALUES (47, 2, 98, '2025-06-03 14:00:00', 'pending');
INSERT INTO appointments (patient_id, doctor_id, schedule_id, appointment_time, status) VALUES (48, 3, 183, '2025-06-02 16:00:00', 'confirmed');
INSERT INTO appointments (patient_id, doctor_id, schedule_id, appointment_time, status) VALUES (49, 3, 222, '2025-06-21 17:00:00', 'confirmed');
INSERT INTO appointments (patient_id, doctor_id, schedule_id, appointment_time, status) VALUES (49, 2, 150, '2025-06-20 15:00:00', 'confirmed');
INSERT INTO appointments (patient_id, doctor_id, schedule_id, appointment_time, status) VALUES (50, 5, 359, '2025-06-10 14:00:00', 'pending');